Group,Class,Type,Number
-K_F,-K,F,-K_1 (10).jpg
-K_F,-K,F,-K_1 (13).jpg
-K_F,-K,F,-K_1 (19).jpg
-K_F,-K,F,-K_1 (20).jpg
-K_F,-K,F,-K_1 (3).jpg
-K_F,-K,F,-K_1 (6).jpg
-K_F,-K,F,-K_1 (8).jpg
-K_F,-K,F,-K_1 (9).jpg
-K_F,-K,F,-K_10 (12).jpg
-K_F,-K,F,-K_10 (13).jpg
-K_F,-K,F,-K_10 (14).jpg
-K_F,-K,F,-K_10 (2).jpg
-K_F,-K,F,-K_10 (5).jpg
-K_F,-K,F,-K_10 (6).jpg
-K_F,-K,F,-K_10 (9).jpg
-K_F,-K,F,-K_10.jpg
-K_F,-K,F,-K_11 (11).jpg
-K_F,-K,F,-K_11 (12).jpg
-K_F,-K,F,-K_11 (13).jpg
-K_F,-K,F,-K_11 (14).jpg
-K_F,-K,F,-K_11 (2).jpg
-K_F,-K,F,-K_11 (3).jpg
-K_F,-K,F,-K_11 (4).jpg
-K_F,-K,F,-K_11 (7).jpg
-K_F,-K,F,-K_11 (8).jpg
-K_F,-K,F,-K_11.jpg
-K_F,-K,F,-K_12 (12).jpg
-K_F,-K,F,-K_12 (16).jpg
-K_F,-K,F,-K_12 (2).jpg
-K_F,-K,F,-K_12 (6).jpg
-K_F,-K,F,-K_13 (10).jpg
-K_F,-K,F,-K_13 (12).jpg
-K_F,-K,F,-K_13 (13).jpg
-K_F,-K,F,-K_13 (14).jpg
-K_F,-K,F,-K_13 (15).jpg
-K_F,-K,F,-K_13 (6).jpg
-K_F,-K,F,-K_13 (8).jpg
-K_F,-K,F,-K_13 (9).jpg
-K_F,-K,F,-K_14 (10).jpg
-K_F,-K,F,-K_14 (2).jpg
-K_F,-K,F,-K_14 (3).jpg
-K_F,-K,F,-K_14 (5).jpg
-K_F,-K,F,-K_14 (6).jpg
-K_F,-K,F,-K_14 (7).jpg
-K_F,-K,F,-K_14.jpg
-K_F,-K,F,-K_16 (11).jpg
-K_F,-K,F,-K_16 (12).jpg
-K_F,-K,F,-K_16 (13).jpg
-K_F,-K,F,-K_16 (16).jpg
-K_F,-K,F,-K_16 (17).jpg
-K_F,-K,F,-K_16 (6).jpg
-K_F,-K,F,-K_16 (7).jpg
-K_F,-K,F,-K_17 (10).jpg
-K_F,-K,F,-K_17 (11).jpg
-K_F,-K,F,-K_17 (12).jpg
-K_F,-K,F,-K_17 (16).jpg
-K_F,-K,F,-K_17 (3).jpg
-K_F,-K,F,-K_17 (4).jpg
-K_F,-K,F,-K_17 (5).jpg
-K_F,-K,F,-K_17 (7).jpg
-K_F,-K,F,-K_17 (9).jpg
-K_F,-K,F,-K_18 (10).jpg
-K_F,-K,F,-K_18 (12).jpg
-K_F,-K,F,-K_18 (13).jpg
-K_F,-K,F,-K_18 (14).jpg
-K_F,-K,F,-K_18 (15).jpg
-K_F,-K,F,-K_18 (16).jpg
-K_F,-K,F,-K_18 (8).jpg
-K_F,-K,F,-K_18 (9).jpg
-K_F,-K,F,-K_19 (12).jpg
-K_F,-K,F,-K_19 (16).jpg
-K_F,-K,F,-K_19 (2).jpg
-K_F,-K,F,-K_19 (3).jpg
-K_F,-K,F,-K_19 (5).jpg
-K_F,-K,F,-K_19 (6).jpg
-K_F,-K,F,-K_19.jpg
-K_F,-K,F,-K_2 (10).jpg
-K_F,-K,F,-K_2 (13).jpg
-K_F,-K,F,-K_2 (14).jpg
-K_F,-K,F,-K_2 (16).jpg
-K_F,-K,F,-K_2 (18).jpg
-K_F,-K,F,-K_2 (19).jpg
-K_F,-K,F,-K_2 (21).jpg
-K_F,-K,F,-K_2 (4).jpg
-K_F,-K,F,-K_2 (6).jpg
-K_F,-K,F,-K_2 (9).jpg
-K_F,-K,F,-K_2.jpg
-K_F,-K,F,-K_20 (11).jpg
-K_F,-K,F,-K_20 (13).jpg
-K_F,-K,F,-K_20 (14).jpg
-K_F,-K,F,-K_20 (15).jpg
-K_F,-K,F,-K_20 (16).jpg
-K_F,-K,F,-K_20 (3).jpg
-K_F,-K,F,-K_20 (4).jpg
-K_F,-K,F,-K_20 (5).jpg
-K_F,-K,F,-K_20 (8).jpg
-K_F,-K,F,-K_20 (9).jpg
-K_F,-K,F,-K_21 (10).jpg
-K_F,-K,F,-K_21 (12).jpg
-K_F,-K,F,-K_21 (16).jpg
-K_F,-K,F,-K_21 (2).jpg
-K_F,-K,F,-K_21 (3).jpg
-K_F,-K,F,-K_21 (4).jpg
-K_F,-K,F,-K_21 (7).jpg
-K_F,-K,F,-K_21 (8).jpg
-K_F,-K,F,-K_21 (9).jpg
-K_F,-K,F,-K_21.jpg
-K_F,-K,F,-K_22 (10).jpg
-K_F,-K,F,-K_22 (12).jpg
-K_F,-K,F,-K_22 (15).jpg
-K_F,-K,F,-K_22 (2).jpg
-K_F,-K,F,-K_22 (7).jpg
-K_F,-K,F,-K_22.jpg
-K_F,-K,F,-K_23 (10).jpg
-K_F,-K,F,-K_23 (11).jpg
-K_F,-K,F,-K_23 (12).jpg
-K_F,-K,F,-K_23 (6).jpg
-K_F,-K,F,-K_24 (10).jpg
-K_F,-K,F,-K_24 (11).jpg
-K_F,-K,F,-K_24 (12).jpg
-K_F,-K,F,-K_24 (13).jpg
-K_F,-K,F,-K_24 (15).jpg
-K_F,-K,F,-K_24 (16).jpg
-K_F,-K,F,-K_24 (4).jpg
-K_F,-K,F,-K_24 (8).jpg
-K_F,-K,F,-K_24 (9).jpg
-K_F,-K,F,-K_24.jpg
-K_F,-K,F,-K_3 (10).jpg
-K_F,-K,F,-K_3 (12).jpg
-K_F,-K,F,-K_3 (14).jpg
-K_F,-K,F,-K_3 (16).jpg
-K_F,-K,F,-K_3 (17).jpg
-K_F,-K,F,-K_3 (18).jpg
-K_F,-K,F,-K_3 (19).jpg
-K_F,-K,F,-K_3 (20).jpg
-K_F,-K,F,-K_3 (21).jpg
-K_F,-K,F,-K_3 (22).jpg
-K_F,-K,F,-K_3 (4).jpg
-K_F,-K,F,-K_3 (6).jpg
-K_F,-K,F,-K_3 (8).jpg
-K_F,-K,F,-K_3 (9).jpg
-K_F,-K,F,-K_3.jpg
-K_F,-K,F,-K_4 (11).jpg
-K_F,-K,F,-K_4 (12).jpg
-K_F,-K,F,-K_4 (13).jpg
-K_F,-K,F,-K_4 (14).jpg
-K_F,-K,F,-K_4 (15).jpg
-K_F,-K,F,-K_4 (18).jpg
-K_F,-K,F,-K_4 (19).jpg
-K_F,-K,F,-K_4 (2).jpg
-K_F,-K,F,-K_4 (20).jpg
-K_F,-K,F,-K_4 (21).jpg
-K_F,-K,F,-K_4 (3).jpg
-K_F,-K,F,-K_5 (11).jpg
-K_F,-K,F,-K_5 (12).jpg
-K_F,-K,F,-K_5 (13).jpg
-K_F,-K,F,-K_5 (14).jpg
-K_F,-K,F,-K_5 (15).jpg
-K_F,-K,F,-K_5 (2).jpg
-K_F,-K,F,-K_5 (20).jpg
-K_F,-K,F,-K_5 (21).jpg
-K_F,-K,F,-K_5 (7).jpg
-K_F,-K,F,-K_5 (8).jpg
-K_F,-K,F,-K_5 (9).jpg
-K_F,-K,F,-K_5.jpg
-K_F,-K,F,-K_6 (10).jpg
-K_F,-K,F,-K_6 (11).jpg
-K_F,-K,F,-K_6 (19).jpg
-K_F,-K,F,-K_6 (20).jpg
-K_F,-K,F,-K_6 (22).jpg
-K_F,-K,F,-K_6 (3).jpg
-K_F,-K,F,-K_6 (7).jpg
-K_F,-K,F,-K_6 (8).jpg
-K_F,-K,F,-K_6 (9).jpg
-K_F,-K,F,-K_6.jpg
-K_F,-K,F,-K_7 (12).jpg
-K_F,-K,F,-K_7 (15).jpg
-K_F,-K,F,-K_7 (16).jpg
-K_F,-K,F,-K_7 (17).jpg
-K_F,-K,F,-K_7 (20).jpg
-K_F,-K,F,-K_7 (4).jpg
-K_F,-K,F,-K_7 (6).jpg
-K_F,-K,F,-K_7 (7).jpg
-K_F,-K,F,-K_7 (8).jpg
-K_F,-K,F,-K_8 (12).jpg
-K_F,-K,F,-K_8 (16).jpg
-K_F,-K,F,-K_8 (18).jpg
-K_F,-K,F,-K_8 (19).jpg
-K_F,-K,F,-K_8 (2).jpg
-K_F,-K,F,-K_8 (21).jpg
-K_F,-K,F,-K_8 (3).jpg
-K_F,-K,F,-K_8 (4).jpg
-K_F,-K,F,-K_8 (5).jpg
-K_F,-K,F,-K_8 (6).jpg
-K_F,-K,F,-K_8 (8).jpg
-K_F,-K,F,-K_9 (10).jpg
-K_F,-K,F,-K_9 (11).jpg
-K_F,-K,F,-K_9 (12).jpg
-K_F,-K,F,-K_9 (13).jpg
-K_F,-K,F,-K_9 (14).jpg
-K_F,-K,F,-K_9 (15).jpg
-K_F,-K,F,-K_9 (16).jpg
-K_F,-K,F,-K_9 (3).jpg
-K_F,-K,F,-K_9 (6).jpg
-K_F,-K,F,-K_9 (8).jpg
-K_F,-K,F,-K_9 (9).jpg
-K_WF,-K,WF,-K_1 (2).jpg
-K_WF,-K,WF,-K_1 (4).jpg
-K_WF,-K,WF,-K_1 (5).jpg
-K_WF,-K,WF,-K_1 (6).jpg
-K_WF,-K,WF,-K_10 (10).jpg
-K_WF,-K,WF,-K_10 (12).jpg
-K_WF,-K,WF,-K_10 (3).jpg
-K_WF,-K,WF,-K_10 (4).jpg
-K_WF,-K,WF,-K_10 (6).jpg
-K_WF,-K,WF,-K_10 (9).jpg
-K_WF,-K,WF,-K_11 (12).jpg
-K_WF,-K,WF,-K_11 (13).jpg
-K_WF,-K,WF,-K_11 (14).jpg
-K_WF,-K,WF,-K_11 (4).jpg
-K_WF,-K,WF,-K_11 (6).jpg
-K_WF,-K,WF,-K_11 (7).jpg
-K_WF,-K,WF,-K_11 (8).jpg
-K_WF,-K,WF,-K_12 (11).jpg
-K_WF,-K,WF,-K_12 (2).jpg
-K_WF,-K,WF,-K_12 (3).jpg
-K_WF,-K,WF,-K_12 (4).jpg
-K_WF,-K,WF,-K_12 (5).jpg
-K_WF,-K,WF,-K_12 (6).jpg
-K_WF,-K,WF,-K_12 (7).jpg
-K_WF,-K,WF,-K_13 (10).jpg
-K_WF,-K,WF,-K_13 (2).jpg
-K_WF,-K,WF,-K_13 (4).jpg
-K_WF,-K,WF,-K_13 (5).jpg
-K_WF,-K,WF,-K_13 (7).jpg
-K_WF,-K,WF,-K_14 (2).jpg
-K_WF,-K,WF,-K_14 (3).jpg
-K_WF,-K,WF,-K_14 (6).jpg
-K_WF,-K,WF,-K_14 (7).jpg
-K_WF,-K,WF,-K_16 (11).jpg
-K_WF,-K,WF,-K_16 (13).jpg
-K_WF,-K,WF,-K_16 (14).jpg
-K_WF,-K,WF,-K_16 (2).jpg
-K_WF,-K,WF,-K_16 (5).jpg
-K_WF,-K,WF,-K_16 (7).jpg
-K_WF,-K,WF,-K_16.jpg
-K_WF,-K,WF,-K_17 (11).jpg
-K_WF,-K,WF,-K_17 (13).jpg
-K_WF,-K,WF,-K_17 (2).jpg
-K_WF,-K,WF,-K_17 (3).jpg
-K_WF,-K,WF,-K_17 (4).jpg
-K_WF,-K,WF,-K_17 (7).jpg
-K_WF,-K,WF,-K_17.jpg
-K_WF,-K,WF,-K_18 (10).jpg
-K_WF,-K,WF,-K_18 (11).jpg
-K_WF,-K,WF,-K_18 (13).jpg
-K_WF,-K,WF,-K_18 (14).jpg
-K_WF,-K,WF,-K_18 (4).jpg
-K_WF,-K,WF,-K_18 (5).jpg
-K_WF,-K,WF,-K_18 (7).jpg
-K_WF,-K,WF,-K_18 (9).jpg
-K_WF,-K,WF,-K_18.jpg
-K_WF,-K,WF,-K_19 (11).jpg
-K_WF,-K,WF,-K_19 (14).jpg
-K_WF,-K,WF,-K_19 (16).jpg
-K_WF,-K,WF,-K_19 (3).jpg
-K_WF,-K,WF,-K_19 (5).jpg
-K_WF,-K,WF,-K_19 (7).jpg
-K_WF,-K,WF,-K_19 (9).jpg
-K_WF,-K,WF,-K_2 (10).jpg
-K_WF,-K,WF,-K_2 (11).jpg
-K_WF,-K,WF,-K_2 (13).jpg
-K_WF,-K,WF,-K_2 (14).jpg
-K_WF,-K,WF,-K_2 (21).jpg
-K_WF,-K,WF,-K_2 (5).jpg
-K_WF,-K,WF,-K_2 (9).jpg
-K_WF,-K,WF,-K_2.jpg
-K_WF,-K,WF,-K_20 (10).jpg
-K_WF,-K,WF,-K_20 (12).jpg
-K_WF,-K,WF,-K_20 (13).jpg
-K_WF,-K,WF,-K_20 (15).jpg
-K_WF,-K,WF,-K_20 (4).jpg
-K_WF,-K,WF,-K_20.jpg
-K_WF,-K,WF,-K_21 (11).jpg
-K_WF,-K,WF,-K_21 (15).jpg
-K_WF,-K,WF,-K_21 (3).jpg
-K_WF,-K,WF,-K_21 (5).jpg
-K_WF,-K,WF,-K_21 (8).jpg
-K_WF,-K,WF,-K_21 (9).jpg
-K_WF,-K,WF,-K_22 (10).jpg
-K_WF,-K,WF,-K_22 (12).jpg
-K_WF,-K,WF,-K_22 (13).jpg
-K_WF,-K,WF,-K_22 (14).jpg
-K_WF,-K,WF,-K_22 (15).jpg
-K_WF,-K,WF,-K_22 (3).jpg
-K_WF,-K,WF,-K_22 (4).jpg
-K_WF,-K,WF,-K_22 (8).jpg
-K_WF,-K,WF,-K_22 (9).jpg
-K_WF,-K,WF,-K_22.jpg
-K_WF,-K,WF,-K_23 (10).jpg
-K_WF,-K,WF,-K_23 (12).jpg
-K_WF,-K,WF,-K_23 (2).jpg
-K_WF,-K,WF,-K_23 (3).jpg
-K_WF,-K,WF,-K_23 (4).jpg
-K_WF,-K,WF,-K_23 (6).jpg
-K_WF,-K,WF,-K_23 (8).jpg
-K_WF,-K,WF,-K_23.jpg
-K_WF,-K,WF,-K_24 (11).jpg
-K_WF,-K,WF,-K_24 (8).jpg
-K_WF,-K,WF,-K_3 (11).jpg
-K_WF,-K,WF,-K_3 (12).jpg
-K_WF,-K,WF,-K_3 (17).jpg
-K_WF,-K,WF,-K_3 (5).jpg
-K_WF,-K,WF,-K_3 (6).jpg
-K_WF,-K,WF,-K_3 (7).jpg
-K_WF,-K,WF,-K_3 (8).jpg
-K_WF,-K,WF,-K_3.jpg
-K_WF,-K,WF,-K_4 (14).jpg
-K_WF,-K,WF,-K_4 (16).jpg
-K_WF,-K,WF,-K_4 (19).jpg
-K_WF,-K,WF,-K_4 (2).jpg
-K_WF,-K,WF,-K_4 (4).jpg
-K_WF,-K,WF,-K_4 (7).jpg
-K_WF,-K,WF,-K_4 (9).jpg
-K_WF,-K,WF,-K_5 (14).jpg
-K_WF,-K,WF,-K_5 (15).jpg
-K_WF,-K,WF,-K_5 (18).jpg
-K_WF,-K,WF,-K_5 (19).jpg
-K_WF,-K,WF,-K_5 (2).jpg
-K_WF,-K,WF,-K_5 (21).jpg
-K_WF,-K,WF,-K_5 (3).jpg
-K_WF,-K,WF,-K_5 (5).jpg
-K_WF,-K,WF,-K_5 (8).jpg
-K_WF,-K,WF,-K_5.jpg
-K_WF,-K,WF,-K_6 (10).jpg
-K_WF,-K,WF,-K_6 (11).jpg
-K_WF,-K,WF,-K_6 (12).jpg
-K_WF,-K,WF,-K_6 (19).jpg
-K_WF,-K,WF,-K_6 (22).jpg
-K_WF,-K,WF,-K_6 (5).jpg
-K_WF,-K,WF,-K_6 (7).jpg
-K_WF,-K,WF,-K_6 (9).jpg
-K_WF,-K,WF,-K_7 (11).jpg
-K_WF,-K,WF,-K_7 (12).jpg
-K_WF,-K,WF,-K_7 (13).jpg
-K_WF,-K,WF,-K_7 (14).jpg
-K_WF,-K,WF,-K_7 (15).jpg
-K_WF,-K,WF,-K_7 (16).jpg
-K_WF,-K,WF,-K_7 (19).jpg
-K_WF,-K,WF,-K_7 (2).jpg
-K_WF,-K,WF,-K_7 (20).jpg
-K_WF,-K,WF,-K_7 (3).jpg
-K_WF,-K,WF,-K_7 (4).jpg
-K_WF,-K,WF,-K_7 (5).jpg
-K_WF,-K,WF,-K_7 (7).jpg
-K_WF,-K,WF,-K_7.jpg
-K_WF,-K,WF,-K_8 (11).jpg
-K_WF,-K,WF,-K_8 (13).jpg
-K_WF,-K,WF,-K_8 (14).jpg
-K_WF,-K,WF,-K_8 (16).jpg
-K_WF,-K,WF,-K_8 (17).jpg
-K_WF,-K,WF,-K_8 (18).jpg
-K_WF,-K,WF,-K_8 (19).jpg
-K_WF,-K,WF,-K_8 (2).jpg
-K_WF,-K,WF,-K_8 (20).jpg
-K_WF,-K,WF,-K_8 (21).jpg
-K_WF,-K,WF,-K_8 (3).jpg
-K_WF,-K,WF,-K_8 (5).jpg
-K_WF,-K,WF,-K_8 (8).jpg
-K_WF,-K,WF,-K_8.jpg
-K_WF,-K,WF,-K_9 (11).jpg
-K_WF,-K,WF,-K_9 (13).jpg
-K_WF,-K,WF,-K_9 (14).jpg
-K_WF,-K,WF,-K_9 (15).jpg
-K_WF,-K,WF,-K_9 (3).jpg
-K_WF,-K,WF,-K_9 (4).jpg
-K_WF,-K,WF,-K_9 (9).jpg
-N_F,-N,F,-N_1 (10).jpg
-N_F,-N,F,-N_1 (16).jpg
-N_F,-N,F,-N_1 (18).jpg
-N_F,-N,F,-N_1 (20).jpg
-N_F,-N,F,-N_1 (21).jpg
-N_F,-N,F,-N_1 (3).jpg
-N_F,-N,F,-N_1 (4).jpg
-N_F,-N,F,-N_1 (5).jpg
-N_F,-N,F,-N_1 (6).jpg
-N_F,-N,F,-N_1 (7).jpg
-N_F,-N,F,-N_1 (8).jpg
-N_F,-N,F,-N_10 (11).jpg
-N_F,-N,F,-N_10 (12).jpg
-N_F,-N,F,-N_10 (15).jpg
-N_F,-N,F,-N_10 (16).jpg
-N_F,-N,F,-N_10 (17).jpg
-N_F,-N,F,-N_10 (18).jpg
-N_F,-N,F,-N_10 (19).jpg
-N_F,-N,F,-N_10 (20).jpg
-N_F,-N,F,-N_10 (21).jpg
-N_F,-N,F,-N_10 (5).jpg
-N_F,-N,F,-N_10 (7).jpg
-N_F,-N,F,-N_10 (8).jpg
-N_F,-N,F,-N_10 (9).jpg
-N_F,-N,F,-N_11 (11).jpg
-N_F,-N,F,-N_11 (17).jpg
-N_F,-N,F,-N_11 (18).jpg
-N_F,-N,F,-N_11 (19).jpg
-N_F,-N,F,-N_11 (20).jpg
-N_F,-N,F,-N_11 (21).jpg
-N_F,-N,F,-N_11 (9).jpg
-N_F,-N,F,-N_12 (10).jpg
-N_F,-N,F,-N_12 (11).jpg
-N_F,-N,F,-N_12 (13).jpg
-N_F,-N,F,-N_12 (16).jpg
-N_F,-N,F,-N_12 (17).jpg
-N_F,-N,F,-N_12 (18).jpg
-N_F,-N,F,-N_12 (20).jpg
-N_F,-N,F,-N_12 (21).jpg
-N_F,-N,F,-N_12 (8).jpg
-N_F,-N,F,-N_12 (9).jpg
-N_F,-N,F,-N_13 (15).jpg
-N_F,-N,F,-N_13 (16).jpg
-N_F,-N,F,-N_13 (17).jpg
-N_F,-N,F,-N_13 (18).jpg
-N_F,-N,F,-N_13 (19).jpg
-N_F,-N,F,-N_13 (21).jpg
-N_F,-N,F,-N_14 (10).jpg
-N_F,-N,F,-N_14 (11).jpg
-N_F,-N,F,-N_14 (12).jpg
-N_F,-N,F,-N_14 (15).jpg
-N_F,-N,F,-N_14 (16).jpg
-N_F,-N,F,-N_14 (17).jpg
-N_F,-N,F,-N_14 (18).jpg
-N_F,-N,F,-N_14 (2).jpg
-N_F,-N,F,-N_14 (20).jpg
-N_F,-N,F,-N_14 (21).jpg
-N_F,-N,F,-N_14 (3).jpg
-N_F,-N,F,-N_14 (4).jpg
-N_F,-N,F,-N_14 (5).jpg
-N_F,-N,F,-N_14 (6).jpg
-N_F,-N,F,-N_14 (7).jpg
-N_F,-N,F,-N_14 (8).jpg
-N_F,-N,F,-N_15 (10).jpg
-N_F,-N,F,-N_15 (15).jpg
-N_F,-N,F,-N_15 (16).jpg
-N_F,-N,F,-N_15 (17).jpg
-N_F,-N,F,-N_15 (18).jpg
-N_F,-N,F,-N_15 (19).jpg
-N_F,-N,F,-N_15 (2).jpg
-N_F,-N,F,-N_15 (20).jpg
-N_F,-N,F,-N_15 (22).jpg
-N_F,-N,F,-N_15 (3).jpg
-N_F,-N,F,-N_15 (4).jpg
-N_F,-N,F,-N_15 (5).jpg
-N_F,-N,F,-N_15 (6).jpg
-N_F,-N,F,-N_15 (7).jpg
-N_F,-N,F,-N_15 (8).jpg
-N_F,-N,F,-N_15 (9).jpg
-N_F,-N,F,-N_15.jpg
-N_F,-N,F,-N_16 (10).jpg
-N_F,-N,F,-N_16 (11).jpg
-N_F,-N,F,-N_16 (18).jpg
-N_F,-N,F,-N_16 (19).jpg
-N_F,-N,F,-N_16 (2).jpg
-N_F,-N,F,-N_16 (20).jpg
-N_F,-N,F,-N_16 (21).jpg
-N_F,-N,F,-N_16 (4).jpg
-N_F,-N,F,-N_16 (5).jpg
-N_F,-N,F,-N_16 (6).jpg
-N_F,-N,F,-N_16 (7).jpg
-N_F,-N,F,-N_16 (9).jpg
-N_F,-N,F,-N_17 (10).jpg
-N_F,-N,F,-N_17 (11).jpg
-N_F,-N,F,-N_17 (12).jpg
-N_F,-N,F,-N_17 (13).jpg
-N_F,-N,F,-N_17 (14).jpg
-N_F,-N,F,-N_17 (15).jpg
-N_F,-N,F,-N_17 (16).jpg
-N_F,-N,F,-N_17 (17).jpg
-N_F,-N,F,-N_17 (18).jpg
-N_F,-N,F,-N_17 (19).jpg
-N_F,-N,F,-N_17 (2).jpg
-N_F,-N,F,-N_17 (20).jpg
-N_F,-N,F,-N_17 (22).jpg
-N_F,-N,F,-N_17 (3).jpg
-N_F,-N,F,-N_17 (4).jpg
-N_F,-N,F,-N_17 (5).jpg
-N_F,-N,F,-N_17 (6).jpg
-N_F,-N,F,-N_17 (7).jpg
-N_F,-N,F,-N_17 (8).jpg
-N_F,-N,F,-N_17 (9).jpg
-N_F,-N,F,-N_17.jpg
-N_F,-N,F,-N_18 (10).jpg
-N_F,-N,F,-N_18 (11).jpg
-N_F,-N,F,-N_18 (15).jpg
-N_F,-N,F,-N_18 (16).jpg
-N_F,-N,F,-N_18 (17).jpg
-N_F,-N,F,-N_18 (19).jpg
-N_F,-N,F,-N_18 (20).jpg
-N_F,-N,F,-N_18 (21).jpg
-N_F,-N,F,-N_18 (22).jpg
-N_F,-N,F,-N_18 (9).jpg
-N_F,-N,F,-N_18.jpg
-N_F,-N,F,-N_19 (10).jpg
-N_F,-N,F,-N_19 (11).jpg
-N_F,-N,F,-N_19 (12).jpg
-N_F,-N,F,-N_19 (13).jpg
-N_F,-N,F,-N_19 (15).jpg
-N_F,-N,F,-N_19 (16).jpg
-N_F,-N,F,-N_19 (17).jpg
-N_F,-N,F,-N_19 (18).jpg
-N_F,-N,F,-N_19 (19).jpg
-N_F,-N,F,-N_19 (20).jpg
-N_F,-N,F,-N_19 (21).jpg
-N_F,-N,F,-N_19 (22).jpg
-N_F,-N,F,-N_19 (4).jpg
-N_F,-N,F,-N_19 (5).jpg
-N_F,-N,F,-N_19 (8).jpg
-N_F,-N,F,-N_19 (9).jpg
-N_F,-N,F,-N_19.jpg
-N_F,-N,F,-N_2 (10).jpg
-N_F,-N,F,-N_2 (11).jpg
-N_F,-N,F,-N_2 (15).jpg
-N_F,-N,F,-N_2 (16).jpg
-N_F,-N,F,-N_2 (17).jpg
-N_F,-N,F,-N_2 (18).jpg
-N_F,-N,F,-N_2 (19).jpg
-N_F,-N,F,-N_2 (20).jpg
-N_F,-N,F,-N_2 (21).jpg
-N_F,-N,F,-N_2 (6).jpg
-N_F,-N,F,-N_2 (7).jpg
-N_F,-N,F,-N_2 (8).jpg
-N_F,-N,F,-N_2 (9).jpg
-N_F,-N,F,-N_20 (11).jpg
-N_F,-N,F,-N_20 (12).jpg
-N_F,-N,F,-N_20 (13).jpg
-N_F,-N,F,-N_20 (14).jpg
-N_F,-N,F,-N_20 (15).jpg
-N_F,-N,F,-N_20 (16).jpg
-N_F,-N,F,-N_20 (17).jpg
-N_F,-N,F,-N_20 (19).jpg
-N_F,-N,F,-N_20 (2).jpg
-N_F,-N,F,-N_20 (20).jpg
-N_F,-N,F,-N_20 (21).jpg
-N_F,-N,F,-N_20 (3).jpg
-N_F,-N,F,-N_20 (4).jpg
-N_F,-N,F,-N_20 (5).jpg
-N_F,-N,F,-N_20 (6).jpg
-N_F,-N,F,-N_20 (8).jpg
-N_F,-N,F,-N_20 (9).jpg
-N_F,-N,F,-N_21 (10).jpg
-N_F,-N,F,-N_21 (12).jpg
-N_F,-N,F,-N_21 (13).jpg
-N_F,-N,F,-N_21 (14).jpg
-N_F,-N,F,-N_21 (16).jpg
-N_F,-N,F,-N_21 (18).jpg
-N_F,-N,F,-N_21 (20).jpg
-N_F,-N,F,-N_21 (21).jpg
-N_F,-N,F,-N_21 (22).jpg
-N_F,-N,F,-N_21 (6).jpg
-N_F,-N,F,-N_21 (7).jpg
-N_F,-N,F,-N_21 (8).jpg
-N_F,-N,F,-N_21 (9).jpg
-N_F,-N,F,-N_22 (10).jpg
-N_F,-N,F,-N_22 (11).jpg
-N_F,-N,F,-N_22 (15).jpg
-N_F,-N,F,-N_22 (16).jpg
-N_F,-N,F,-N_22 (17).jpg
-N_F,-N,F,-N_22 (18).jpg
-N_F,-N,F,-N_22 (19).jpg
-N_F,-N,F,-N_22 (2).jpg
-N_F,-N,F,-N_22 (20).jpg
-N_F,-N,F,-N_22 (21).jpg
-N_F,-N,F,-N_22 (3).jpg
-N_F,-N,F,-N_22 (7).jpg
-N_F,-N,F,-N_22 (8).jpg
-N_F,-N,F,-N_22 (9).jpg
-N_F,-N,F,-N_23 (10).jpg
-N_F,-N,F,-N_23 (11).jpg
-N_F,-N,F,-N_23 (13).jpg
-N_F,-N,F,-N_23 (16).jpg
-N_F,-N,F,-N_23 (17).jpg
-N_F,-N,F,-N_23 (18).jpg
-N_F,-N,F,-N_23 (19).jpg
-N_F,-N,F,-N_23 (20).jpg
-N_F,-N,F,-N_23 (21).jpg
-N_F,-N,F,-N_23 (3).jpg
-N_F,-N,F,-N_23 (6).jpg
-N_F,-N,F,-N_23 (7).jpg
-N_F,-N,F,-N_23 (8).jpg
-N_F,-N,F,-N_23 (9).jpg
-N_F,-N,F,-N_24 (10).jpg
-N_F,-N,F,-N_24 (11).jpg
-N_F,-N,F,-N_24 (15).jpg
-N_F,-N,F,-N_24 (17).jpg
-N_F,-N,F,-N_24 (19).jpg
-N_F,-N,F,-N_24 (20).jpg
-N_F,-N,F,-N_24 (21).jpg
-N_F,-N,F,-N_24 (7).jpg
-N_F,-N,F,-N_24 (8).jpg
-N_F,-N,F,-N_24 (9).jpg
-N_F,-N,F,-N_25 (10).jpg
-N_F,-N,F,-N_25 (11).jpg
-N_F,-N,F,-N_25 (13).jpg
-N_F,-N,F,-N_25 (14).jpg
-N_F,-N,F,-N_25 (15).jpg
-N_F,-N,F,-N_25 (17).jpg
-N_F,-N,F,-N_25 (18).jpg
-N_F,-N,F,-N_25 (20).jpg
-N_F,-N,F,-N_25 (5).jpg
-N_F,-N,F,-N_25 (8).jpg
-N_F,-N,F,-N_25 (9).jpg
-N_F,-N,F,-N_26 (10).jpg
-N_F,-N,F,-N_26 (11).jpg
-N_F,-N,F,-N_26 (12).jpg
-N_F,-N,F,-N_26 (15).jpg
-N_F,-N,F,-N_26 (16).jpg
-N_F,-N,F,-N_26 (17).jpg
-N_F,-N,F,-N_26 (19).jpg
-N_F,-N,F,-N_26 (2).jpg
-N_F,-N,F,-N_26 (20).jpg
-N_F,-N,F,-N_26 (21).jpg
-N_F,-N,F,-N_26 (22).jpg
-N_F,-N,F,-N_26 (3).jpg
-N_F,-N,F,-N_26 (4).jpg
-N_F,-N,F,-N_26 (5).jpg
-N_F,-N,F,-N_26 (6).jpg
-N_F,-N,F,-N_26 (7).jpg
-N_F,-N,F,-N_26 (8).jpg
-N_F,-N,F,-N_27 (10).jpg
-N_F,-N,F,-N_27 (11).jpg
-N_F,-N,F,-N_27 (12).jpg
-N_F,-N,F,-N_27 (15).jpg
-N_F,-N,F,-N_27 (16).jpg
-N_F,-N,F,-N_27 (17).jpg
-N_F,-N,F,-N_27 (18).jpg
-N_F,-N,F,-N_27 (2).jpg
-N_F,-N,F,-N_27 (20).jpg
-N_F,-N,F,-N_27 (21).jpg
-N_F,-N,F,-N_27 (7).jpg
-N_F,-N,F,-N_27 (9).jpg
-N_F,-N,F,-N_28 (10).jpg
-N_F,-N,F,-N_28 (14).jpg
-N_F,-N,F,-N_28 (15).jpg
-N_F,-N,F,-N_28 (19).jpg
-N_F,-N,F,-N_28 (22).jpg
-N_F,-N,F,-N_28 (3).jpg
-N_F,-N,F,-N_28 (4).jpg
-N_F,-N,F,-N_28 (5).jpg
-N_F,-N,F,-N_28 (6).jpg
-N_F,-N,F,-N_28 (7).jpg
-N_F,-N,F,-N_28 (8).jpg
-N_F,-N,F,-N_28 (9).jpg
-N_F,-N,F,-N_28.jpg
-N_F,-N,F,-N_29 (12).jpg
-N_F,-N,F,-N_29 (13).jpg
-N_F,-N,F,-N_29 (14).jpg
-N_F,-N,F,-N_29 (15).jpg
-N_F,-N,F,-N_29 (16).jpg
-N_F,-N,F,-N_29 (17).jpg
-N_F,-N,F,-N_29 (18).jpg
-N_F,-N,F,-N_29 (19).jpg
-N_F,-N,F,-N_29 (2).jpg
-N_F,-N,F,-N_29 (20).jpg
-N_F,-N,F,-N_29 (22).jpg
-N_F,-N,F,-N_29 (3).jpg
-N_F,-N,F,-N_29 (4).jpg
-N_F,-N,F,-N_29 (5).jpg
-N_F,-N,F,-N_29 (6).jpg
-N_F,-N,F,-N_29 (7).jpg
-N_F,-N,F,-N_29 (8).jpg
-N_F,-N,F,-N_29 (9).jpg
-N_F,-N,F,-N_29.jpg
-N_F,-N,F,-N_3 (10).jpg
-N_F,-N,F,-N_3 (11).jpg
-N_F,-N,F,-N_3 (13).jpg
-N_F,-N,F,-N_3 (17).jpg
-N_F,-N,F,-N_3 (19).jpg
-N_F,-N,F,-N_3 (7).jpg
-N_F,-N,F,-N_30 (19).jpg
-N_F,-N,F,-N_30 (20).jpg
-N_F,-N,F,-N_30 (21).jpg
-N_F,-N,F,-N_31 (10).jpg
-N_F,-N,F,-N_31 (11).jpg
-N_F,-N,F,-N_31 (12).jpg
-N_F,-N,F,-N_31 (13).jpg
-N_F,-N,F,-N_31 (14).jpg
-N_F,-N,F,-N_31 (15).jpg
-N_F,-N,F,-N_31 (16).jpg
-N_F,-N,F,-N_31 (17).jpg
-N_F,-N,F,-N_31 (18).jpg
-N_F,-N,F,-N_31 (19).jpg
-N_F,-N,F,-N_31 (2).jpg
-N_F,-N,F,-N_31 (20).jpg
-N_F,-N,F,-N_31 (22).jpg
-N_F,-N,F,-N_31 (3).jpg
-N_F,-N,F,-N_31 (4).jpg
-N_F,-N,F,-N_31 (6).jpg
-N_F,-N,F,-N_31 (8).jpg
-N_F,-N,F,-N_31 (9).jpg
-N_F,-N,F,-N_31.jpg
-N_F,-N,F,-N_32 (10).jpg
-N_F,-N,F,-N_32 (11).jpg
-N_F,-N,F,-N_32 (15).jpg
-N_F,-N,F,-N_32 (17).jpg
-N_F,-N,F,-N_32 (18).jpg
-N_F,-N,F,-N_32 (19).jpg
-N_F,-N,F,-N_32 (20).jpg
-N_F,-N,F,-N_32 (21).jpg
-N_F,-N,F,-N_32 (8).jpg
-N_F,-N,F,-N_32 (9).jpg
-N_F,-N,F,-N_34 (10).jpg
-N_F,-N,F,-N_34 (13).jpg
-N_F,-N,F,-N_34 (14).jpg
-N_F,-N,F,-N_34 (15).jpg
-N_F,-N,F,-N_34 (17).jpg
-N_F,-N,F,-N_34 (19).jpg
-N_F,-N,F,-N_34 (21).jpg
-N_F,-N,F,-N_34 (8).jpg
-N_F,-N,F,-N_34 (9).jpg
-N_F,-N,F,-N_35 (10).jpg
-N_F,-N,F,-N_35 (11).jpg
-N_F,-N,F,-N_35 (12).jpg
-N_F,-N,F,-N_35 (13).jpg
-N_F,-N,F,-N_35 (14).jpg
-N_F,-N,F,-N_35 (16).jpg
-N_F,-N,F,-N_35 (17).jpg
-N_F,-N,F,-N_35 (18).jpg
-N_F,-N,F,-N_35 (19).jpg
-N_F,-N,F,-N_35 (2).jpg
-N_F,-N,F,-N_35 (20).jpg
-N_F,-N,F,-N_35 (21).jpg
-N_F,-N,F,-N_35 (3).jpg
-N_F,-N,F,-N_35 (4).jpg
-N_F,-N,F,-N_35 (5).jpg
-N_F,-N,F,-N_35 (7).jpg
-N_F,-N,F,-N_35 (8).jpg
-N_F,-N,F,-N_35 (9).jpg
-N_F,-N,F,-N_36 (12).jpg
-N_F,-N,F,-N_36 (13).jpg
-N_F,-N,F,-N_36 (14).jpg
-N_F,-N,F,-N_36 (15).jpg
-N_F,-N,F,-N_36 (16).jpg
-N_F,-N,F,-N_36 (17).jpg
-N_F,-N,F,-N_36 (18).jpg
-N_F,-N,F,-N_36 (2).jpg
-N_F,-N,F,-N_36 (21).jpg
-N_F,-N,F,-N_36 (22).jpg
-N_F,-N,F,-N_36 (3).jpg
-N_F,-N,F,-N_36 (4).jpg
-N_F,-N,F,-N_36 (6).jpg
-N_F,-N,F,-N_36 (7).jpg
-N_F,-N,F,-N_36 (8).jpg
-N_F,-N,F,-N_36 (9).jpg
-N_F,-N,F,-N_36.jpg
-N_F,-N,F,-N_37 (11).jpg
-N_F,-N,F,-N_37 (13).jpg
-N_F,-N,F,-N_37 (14).jpg
-N_F,-N,F,-N_37 (15).jpg
-N_F,-N,F,-N_37 (17).jpg
-N_F,-N,F,-N_37 (18).jpg
-N_F,-N,F,-N_37 (19).jpg
-N_F,-N,F,-N_37 (20).jpg
-N_F,-N,F,-N_37 (21).jpg
-N_F,-N,F,-N_37 (3).jpg
-N_F,-N,F,-N_37 (6).jpg
-N_F,-N,F,-N_37 (7).jpg
-N_F,-N,F,-N_37 (8).jpg
-N_F,-N,F,-N_38 (10).jpg
-N_F,-N,F,-N_38 (11).jpg
-N_F,-N,F,-N_38 (12).jpg
-N_F,-N,F,-N_38 (13).jpg
-N_F,-N,F,-N_38 (17).jpg
-N_F,-N,F,-N_38 (2).jpg
-N_F,-N,F,-N_38 (21).jpg
-N_F,-N,F,-N_38 (3).jpg
-N_F,-N,F,-N_38 (4).jpg
-N_F,-N,F,-N_38 (6).jpg
-N_F,-N,F,-N_38 (8).jpg
-N_F,-N,F,-N_38 (9).jpg
-N_F,-N,F,-N_38.jpg
-N_F,-N,F,-N_39 (11).jpg
-N_F,-N,F,-N_39 (12).jpg
-N_F,-N,F,-N_39 (13).jpg
-N_F,-N,F,-N_39 (14).jpg
-N_F,-N,F,-N_39 (16).jpg
-N_F,-N,F,-N_39 (17).jpg
-N_F,-N,F,-N_39 (18).jpg
-N_F,-N,F,-N_39 (19).jpg
-N_F,-N,F,-N_39 (20).jpg
-N_F,-N,F,-N_39 (21).jpg
-N_F,-N,F,-N_39 (3).jpg
-N_F,-N,F,-N_39 (4).jpg
-N_F,-N,F,-N_39 (5).jpg
-N_F,-N,F,-N_39 (7).jpg
-N_F,-N,F,-N_39 (8).jpg
-N_F,-N,F,-N_39 (9).jpg
-N_F,-N,F,-N_4 (10).jpg
-N_F,-N,F,-N_4 (11).jpg
-N_F,-N,F,-N_4 (15).jpg
-N_F,-N,F,-N_4 (16).jpg
-N_F,-N,F,-N_4 (17).jpg
-N_F,-N,F,-N_4 (20).jpg
-N_F,-N,F,-N_4 (21).jpg
-N_F,-N,F,-N_4 (7).jpg
-N_F,-N,F,-N_4 (8).jpg
-N_F,-N,F,-N_4 (9).jpg
-N_F,-N,F,-N_40 (10).jpg
-N_F,-N,F,-N_40 (11).jpg
-N_F,-N,F,-N_40 (12).jpg
-N_F,-N,F,-N_40 (14).jpg
-N_F,-N,F,-N_40 (15).jpg
-N_F,-N,F,-N_40 (16).jpg
-N_F,-N,F,-N_40 (17).jpg
-N_F,-N,F,-N_40 (19).jpg
-N_F,-N,F,-N_40 (2).jpg
-N_F,-N,F,-N_40 (20).jpg
-N_F,-N,F,-N_40 (21).jpg
-N_F,-N,F,-N_40 (3).jpg
-N_F,-N,F,-N_40 (4).jpg
-N_F,-N,F,-N_40 (5).jpg
-N_F,-N,F,-N_40 (6).jpg
-N_F,-N,F,-N_40 (7).jpg
-N_F,-N,F,-N_41 (10).jpg
-N_F,-N,F,-N_41 (11).jpg
-N_F,-N,F,-N_41 (12).jpg
-N_F,-N,F,-N_41 (13).jpg
-N_F,-N,F,-N_41 (14).jpg
-N_F,-N,F,-N_41 (15).jpg
-N_F,-N,F,-N_41 (16).jpg
-N_F,-N,F,-N_41 (17).jpg
-N_F,-N,F,-N_41 (18).jpg
-N_F,-N,F,-N_41 (19).jpg
-N_F,-N,F,-N_41 (20).jpg
-N_F,-N,F,-N_41 (21).jpg
-N_F,-N,F,-N_41 (22).jpg
-N_F,-N,F,-N_41 (3).jpg
-N_F,-N,F,-N_41 (5).jpg
-N_F,-N,F,-N_41 (6).jpg
-N_F,-N,F,-N_41 (8).jpg
-N_F,-N,F,-N_41 (9).jpg
-N_F,-N,F,-N_41.jpg
-N_F,-N,F,-N_42 (11).jpg
-N_F,-N,F,-N_42 (12).jpg
-N_F,-N,F,-N_42 (13).jpg
-N_F,-N,F,-N_42 (14).jpg
-N_F,-N,F,-N_42 (15).jpg
-N_F,-N,F,-N_42 (16).jpg
-N_F,-N,F,-N_42 (17).jpg
-N_F,-N,F,-N_42 (19).jpg
-N_F,-N,F,-N_42 (21).jpg
-N_F,-N,F,-N_42 (3).jpg
-N_F,-N,F,-N_42 (4).jpg
-N_F,-N,F,-N_42 (5).jpg
-N_F,-N,F,-N_42 (6).jpg
-N_F,-N,F,-N_42 (7).jpg
-N_F,-N,F,-N_42 (8).jpg
-N_F,-N,F,-N_42 (9).jpg
-N_F,-N,F,-N_42.jpg
-N_F,-N,F,-N_43 (10).jpg
-N_F,-N,F,-N_43 (11).jpg
-N_F,-N,F,-N_43 (13).jpg
-N_F,-N,F,-N_43 (14).jpg
-N_F,-N,F,-N_43 (15).jpg
-N_F,-N,F,-N_43 (16).jpg
-N_F,-N,F,-N_43 (17).jpg
-N_F,-N,F,-N_43 (18).jpg
-N_F,-N,F,-N_43 (19).jpg
-N_F,-N,F,-N_43 (2).jpg
-N_F,-N,F,-N_43 (20).jpg
-N_F,-N,F,-N_43 (21).jpg
-N_F,-N,F,-N_43 (3).jpg
-N_F,-N,F,-N_43 (4).jpg
-N_F,-N,F,-N_43 (6).jpg
-N_F,-N,F,-N_43 (7).jpg
-N_F,-N,F,-N_43 (8).jpg
-N_F,-N,F,-N_43.jpg
-N_F,-N,F,-N_44 (10).jpg
-N_F,-N,F,-N_44 (11).jpg
-N_F,-N,F,-N_44 (12).jpg
-N_F,-N,F,-N_44 (14).jpg
-N_F,-N,F,-N_44 (16).jpg
-N_F,-N,F,-N_44 (17).jpg
-N_F,-N,F,-N_44 (18).jpg
-N_F,-N,F,-N_44 (19).jpg
-N_F,-N,F,-N_44 (20).jpg
-N_F,-N,F,-N_44 (21).jpg
-N_F,-N,F,-N_44 (22).jpg
-N_F,-N,F,-N_44 (3).jpg
-N_F,-N,F,-N_44 (5).jpg
-N_F,-N,F,-N_44 (6).jpg
-N_F,-N,F,-N_44 (7).jpg
-N_F,-N,F,-N_44 (8).jpg
-N_F,-N,F,-N_44.jpg
-N_F,-N,F,-N_45 (10).jpg
-N_F,-N,F,-N_45 (11).jpg
-N_F,-N,F,-N_45 (12).jpg
-N_F,-N,F,-N_45 (14).jpg
-N_F,-N,F,-N_45 (15).jpg
-N_F,-N,F,-N_45 (16).jpg
-N_F,-N,F,-N_45 (17).jpg
-N_F,-N,F,-N_45 (18).jpg
-N_F,-N,F,-N_45 (2).jpg
-N_F,-N,F,-N_45 (20).jpg
-N_F,-N,F,-N_45 (21).jpg
-N_F,-N,F,-N_45 (4).jpg
-N_F,-N,F,-N_45 (5).jpg
-N_F,-N,F,-N_45 (7).jpg
-N_F,-N,F,-N_45 (8).jpg
-N_F,-N,F,-N_45 (9).jpg
-N_F,-N,F,-N_46 (10).jpg
-N_F,-N,F,-N_46 (11).jpg
-N_F,-N,F,-N_46 (13).jpg
-N_F,-N,F,-N_46 (14).jpg
-N_F,-N,F,-N_46 (15).jpg
-N_F,-N,F,-N_46 (16).jpg
-N_F,-N,F,-N_46 (18).jpg
-N_F,-N,F,-N_46 (19).jpg
-N_F,-N,F,-N_46 (20).jpg
-N_F,-N,F,-N_46 (21).jpg
-N_F,-N,F,-N_46 (3).jpg
-N_F,-N,F,-N_46 (4).jpg
-N_F,-N,F,-N_46 (5).jpg
-N_F,-N,F,-N_46 (7).jpg
-N_F,-N,F,-N_46 (8).jpg
-N_F,-N,F,-N_46 (9).jpg
-N_F,-N,F,-N_47 (11).jpg
-N_F,-N,F,-N_47 (12).jpg
-N_F,-N,F,-N_47 (13).jpg
-N_F,-N,F,-N_47 (14).jpg
-N_F,-N,F,-N_47 (16).jpg
-N_F,-N,F,-N_47 (19).jpg
-N_F,-N,F,-N_47 (2).jpg
-N_F,-N,F,-N_47 (22).jpg
-N_F,-N,F,-N_47 (4).jpg
-N_F,-N,F,-N_47 (5).jpg
-N_F,-N,F,-N_47 (6).jpg
-N_F,-N,F,-N_47 (7).jpg
-N_F,-N,F,-N_47 (9).jpg
-N_F,-N,F,-N_47.jpg
-N_F,-N,F,-N_48 (10).jpg
-N_F,-N,F,-N_48 (13).jpg
-N_F,-N,F,-N_48 (14).jpg
-N_F,-N,F,-N_48 (15).jpg
-N_F,-N,F,-N_48 (18).jpg
-N_F,-N,F,-N_48 (19).jpg
-N_F,-N,F,-N_48 (20).jpg
-N_F,-N,F,-N_48 (21).jpg
-N_F,-N,F,-N_48 (22).jpg
-N_F,-N,F,-N_48 (3).jpg
-N_F,-N,F,-N_48 (4).jpg
-N_F,-N,F,-N_48 (5).jpg
-N_F,-N,F,-N_48 (6).jpg
-N_F,-N,F,-N_48 (8).jpg
-N_F,-N,F,-N_48.jpg
-N_F,-N,F,-N_49 (10).jpg
-N_F,-N,F,-N_49 (11).jpg
-N_F,-N,F,-N_49 (12).jpg
-N_F,-N,F,-N_49 (13).jpg
-N_F,-N,F,-N_49 (14).jpg
-N_F,-N,F,-N_49 (15).jpg
-N_F,-N,F,-N_49 (16).jpg
-N_F,-N,F,-N_49 (17).jpg
-N_F,-N,F,-N_49 (19).jpg
-N_F,-N,F,-N_49 (2).jpg
-N_F,-N,F,-N_49 (20).jpg
-N_F,-N,F,-N_49 (21).jpg
-N_F,-N,F,-N_49 (3).jpg
-N_F,-N,F,-N_49 (6).jpg
-N_F,-N,F,-N_49 (7).jpg
-N_F,-N,F,-N_49 (8).jpg
-N_F,-N,F,-N_49 (9).jpg
-N_F,-N,F,-N_5 (10).jpg
-N_F,-N,F,-N_5 (15).jpg
-N_F,-N,F,-N_5 (16).jpg
-N_F,-N,F,-N_5 (17).jpg
-N_F,-N,F,-N_5 (19).jpg
-N_F,-N,F,-N_5 (20).jpg
-N_F,-N,F,-N_5 (21).jpg
-N_F,-N,F,-N_5 (6).jpg
-N_F,-N,F,-N_5 (7).jpg
-N_F,-N,F,-N_5 (8).jpg
-N_F,-N,F,-N_5 (9).jpg
-N_F,-N,F,-N_50 (10).jpg
-N_F,-N,F,-N_50 (11).jpg
-N_F,-N,F,-N_50 (15).jpg
-N_F,-N,F,-N_50 (16).jpg
-N_F,-N,F,-N_50 (17).jpg
-N_F,-N,F,-N_50 (18).jpg
-N_F,-N,F,-N_50 (2).jpg
-N_F,-N,F,-N_50 (20).jpg
-N_F,-N,F,-N_50 (3).jpg
-N_F,-N,F,-N_50 (4).jpg
-N_F,-N,F,-N_50 (6).jpg
-N_F,-N,F,-N_50 (7).jpg
-N_F,-N,F,-N_50 (8).jpg
-N_F,-N,F,-N_50 (9).jpg
-N_F,-N,F,-N_51 (10).jpg
-N_F,-N,F,-N_51 (11).jpg
-N_F,-N,F,-N_51 (14).jpg
-N_F,-N,F,-N_51 (17).jpg
-N_F,-N,F,-N_51 (18).jpg
-N_F,-N,F,-N_51 (19).jpg
-N_F,-N,F,-N_51 (20).jpg
-N_F,-N,F,-N_51 (21).jpg
-N_F,-N,F,-N_51 (4).jpg
-N_F,-N,F,-N_51 (5).jpg
-N_F,-N,F,-N_51 (8).jpg
-N_F,-N,F,-N_51 (9).jpg
-N_F,-N,F,-N_52 (10).jpg
-N_F,-N,F,-N_52 (11).jpg
-N_F,-N,F,-N_52 (12).jpg
-N_F,-N,F,-N_52 (13).jpg
-N_F,-N,F,-N_52 (14).jpg
-N_F,-N,F,-N_52 (16).jpg
-N_F,-N,F,-N_52 (17).jpg
-N_F,-N,F,-N_52 (2).jpg
-N_F,-N,F,-N_52 (3).jpg
-N_F,-N,F,-N_52 (5).jpg
-N_F,-N,F,-N_52 (6).jpg
-N_F,-N,F,-N_52 (8).jpg
-N_F,-N,F,-N_52 (9).jpg
-N_F,-N,F,-N_53 (10).jpg
-N_F,-N,F,-N_53 (13).jpg
-N_F,-N,F,-N_53 (15).jpg
-N_F,-N,F,-N_53 (16).jpg
-N_F,-N,F,-N_53 (18).jpg
-N_F,-N,F,-N_53 (20).jpg
-N_F,-N,F,-N_53 (21).jpg
-N_F,-N,F,-N_53 (3).jpg
-N_F,-N,F,-N_53 (4).jpg
-N_F,-N,F,-N_53 (5).jpg
-N_F,-N,F,-N_53 (7).jpg
-N_F,-N,F,-N_53 (8).jpg
-N_F,-N,F,-N_53 (9).jpg
-N_F,-N,F,-N_54 (10).jpg
-N_F,-N,F,-N_54 (11).jpg
-N_F,-N,F,-N_54 (13).jpg
-N_F,-N,F,-N_54 (14).jpg
-N_F,-N,F,-N_54 (15).jpg
-N_F,-N,F,-N_54 (16).jpg
-N_F,-N,F,-N_54 (17).jpg
-N_F,-N,F,-N_54 (19).jpg
-N_F,-N,F,-N_54 (20).jpg
-N_F,-N,F,-N_54 (21).jpg
-N_F,-N,F,-N_54 (3).jpg
-N_F,-N,F,-N_54 (4).jpg
-N_F,-N,F,-N_54 (7).jpg
-N_F,-N,F,-N_54 (8).jpg
-N_F,-N,F,-N_54 (9).jpg
-N_F,-N,F,-N_55 (11).jpg
-N_F,-N,F,-N_55 (13).jpg
-N_F,-N,F,-N_55 (16).jpg
-N_F,-N,F,-N_55 (17).jpg
-N_F,-N,F,-N_55 (18).jpg
-N_F,-N,F,-N_55 (20).jpg
-N_F,-N,F,-N_55 (21).jpg
-N_F,-N,F,-N_55 (5).jpg
-N_F,-N,F,-N_55 (6).jpg
-N_F,-N,F,-N_55 (7).jpg
-N_F,-N,F,-N_55 (8).jpg
-N_F,-N,F,-N_55 (9).jpg
-N_F,-N,F,-N_57 (10).jpg
-N_F,-N,F,-N_57 (11).jpg
-N_F,-N,F,-N_57 (12).jpg
-N_F,-N,F,-N_57 (13).jpg
-N_F,-N,F,-N_57 (14).jpg
-N_F,-N,F,-N_57 (16).jpg
-N_F,-N,F,-N_57 (17).jpg
-N_F,-N,F,-N_57 (19).jpg
-N_F,-N,F,-N_57 (2).jpg
-N_F,-N,F,-N_57 (20).jpg
-N_F,-N,F,-N_57 (3).jpg
-N_F,-N,F,-N_57 (4).jpg
-N_F,-N,F,-N_57 (5).jpg
-N_F,-N,F,-N_57 (6).jpg
-N_F,-N,F,-N_57 (7).jpg
-N_F,-N,F,-N_57 (8).jpg
-N_F,-N,F,-N_57.jpg
-N_F,-N,F,-N_58 (10).jpg
-N_F,-N,F,-N_58 (12).jpg
-N_F,-N,F,-N_58 (14).jpg
-N_F,-N,F,-N_58 (15).jpg
-N_F,-N,F,-N_58 (16).jpg
-N_F,-N,F,-N_58 (17).jpg
-N_F,-N,F,-N_58 (18).jpg
-N_F,-N,F,-N_58 (19).jpg
-N_F,-N,F,-N_58 (2).jpg
-N_F,-N,F,-N_58 (21).jpg
-N_F,-N,F,-N_58 (22).jpg
-N_F,-N,F,-N_58 (3).jpg
-N_F,-N,F,-N_58 (4).jpg
-N_F,-N,F,-N_58 (5).jpg
-N_F,-N,F,-N_58 (7).jpg
-N_F,-N,F,-N_58 (8).jpg
-N_F,-N,F,-N_58 (9).jpg
-N_F,-N,F,-N_58.jpg
-N_F,-N,F,-N_59 (10).jpg
-N_F,-N,F,-N_59 (11).jpg
-N_F,-N,F,-N_59 (14).jpg
-N_F,-N,F,-N_59 (15).jpg
-N_F,-N,F,-N_59 (16).jpg
-N_F,-N,F,-N_59 (17).jpg
-N_F,-N,F,-N_59 (18).jpg
-N_F,-N,F,-N_59 (19).jpg
-N_F,-N,F,-N_59 (2).jpg
-N_F,-N,F,-N_59 (20).jpg
-N_F,-N,F,-N_59 (21).jpg
-N_F,-N,F,-N_59 (22).jpg
-N_F,-N,F,-N_59 (3).jpg
-N_F,-N,F,-N_59 (4).jpg
-N_F,-N,F,-N_59 (5).jpg
-N_F,-N,F,-N_59 (6).jpg
-N_F,-N,F,-N_59 (7).jpg
-N_F,-N,F,-N_59 (8).jpg
-N_F,-N,F,-N_59 (9).jpg
-N_F,-N,F,-N_6 (15).jpg
-N_F,-N,F,-N_6 (16).jpg
-N_F,-N,F,-N_6 (17).jpg
-N_F,-N,F,-N_6 (18).jpg
-N_F,-N,F,-N_6 (19).jpg
-N_F,-N,F,-N_6 (20).jpg
-N_F,-N,F,-N_6 (21).jpg
-N_F,-N,F,-N_60 (10).jpg
-N_F,-N,F,-N_60 (11).jpg
-N_F,-N,F,-N_60 (12).jpg
-N_F,-N,F,-N_60 (13).jpg
-N_F,-N,F,-N_60 (14).jpg
-N_F,-N,F,-N_60 (15).jpg
-N_F,-N,F,-N_60 (17).jpg
-N_F,-N,F,-N_60 (18).jpg
-N_F,-N,F,-N_60 (19).jpg
-N_F,-N,F,-N_60 (2).jpg
-N_F,-N,F,-N_60 (20).jpg
-N_F,-N,F,-N_60 (21).jpg
-N_F,-N,F,-N_60 (22).jpg
-N_F,-N,F,-N_60 (3).jpg
-N_F,-N,F,-N_60 (4).jpg
-N_F,-N,F,-N_60 (5).jpg
-N_F,-N,F,-N_60 (7).jpg
-N_F,-N,F,-N_60 (8).jpg
-N_F,-N,F,-N_60.jpg
-N_F,-N,F,-N_61 (10).jpg
-N_F,-N,F,-N_61 (11).jpg
-N_F,-N,F,-N_61 (12).jpg
-N_F,-N,F,-N_61 (13).jpg
-N_F,-N,F,-N_61 (14).jpg
-N_F,-N,F,-N_61 (15).jpg
-N_F,-N,F,-N_61 (16).jpg
-N_F,-N,F,-N_61 (17).jpg
-N_F,-N,F,-N_61 (18).jpg
-N_F,-N,F,-N_61 (19).jpg
-N_F,-N,F,-N_61 (2).jpg
-N_F,-N,F,-N_61 (20).jpg
-N_F,-N,F,-N_61 (21).jpg
-N_F,-N,F,-N_61 (22).jpg
-N_F,-N,F,-N_61 (5).jpg
-N_F,-N,F,-N_61 (6).jpg
-N_F,-N,F,-N_61 (7).jpg
-N_F,-N,F,-N_61 (8).jpg
-N_F,-N,F,-N_61 (9).jpg
-N_F,-N,F,-N_61.jpg
-N_F,-N,F,-N_62 (10).jpg
-N_F,-N,F,-N_62 (11).jpg
-N_F,-N,F,-N_62 (12).jpg
-N_F,-N,F,-N_62 (13).jpg
-N_F,-N,F,-N_62 (14).jpg
-N_F,-N,F,-N_62 (15).jpg
-N_F,-N,F,-N_62 (16).jpg
-N_F,-N,F,-N_62 (17).jpg
-N_F,-N,F,-N_62 (19).jpg
-N_F,-N,F,-N_62 (21).jpg
-N_F,-N,F,-N_62 (22).jpg
-N_F,-N,F,-N_62 (3).jpg
-N_F,-N,F,-N_62 (4).jpg
-N_F,-N,F,-N_62 (5).jpg
-N_F,-N,F,-N_62 (6).jpg
-N_F,-N,F,-N_62 (7).jpg
-N_F,-N,F,-N_62 (8).jpg
-N_F,-N,F,-N_62 (9).jpg
-N_F,-N,F,-N_62.jpg
-N_F,-N,F,-N_63 (10).jpg
-N_F,-N,F,-N_63 (11).jpg
-N_F,-N,F,-N_63 (12).jpg
-N_F,-N,F,-N_63 (13).jpg
-N_F,-N,F,-N_63 (14).jpg
-N_F,-N,F,-N_63 (15).jpg
-N_F,-N,F,-N_63 (16).jpg
-N_F,-N,F,-N_63 (17).jpg
-N_F,-N,F,-N_63 (18).jpg
-N_F,-N,F,-N_63 (19).jpg
-N_F,-N,F,-N_63 (2).jpg
-N_F,-N,F,-N_63 (20).jpg
-N_F,-N,F,-N_63 (21).jpg
-N_F,-N,F,-N_63 (22).jpg
-N_F,-N,F,-N_63 (3).jpg
-N_F,-N,F,-N_63 (4).jpg
-N_F,-N,F,-N_63 (5).jpg
-N_F,-N,F,-N_63 (6).jpg
-N_F,-N,F,-N_63 (7).jpg
-N_F,-N,F,-N_63 (9).jpg
-N_F,-N,F,-N_63.jpg
-N_F,-N,F,-N_64 (10).jpg
-N_F,-N,F,-N_64 (11).jpg
-N_F,-N,F,-N_64 (13).jpg
-N_F,-N,F,-N_64 (15).jpg
-N_F,-N,F,-N_64 (17).jpg
-N_F,-N,F,-N_64 (18).jpg
-N_F,-N,F,-N_64 (2).jpg
-N_F,-N,F,-N_64 (20).jpg
-N_F,-N,F,-N_64 (21).jpg
-N_F,-N,F,-N_64 (4).jpg
-N_F,-N,F,-N_64 (5).jpg
-N_F,-N,F,-N_64 (6).jpg
-N_F,-N,F,-N_64 (8).jpg
-N_F,-N,F,-N_64 (9).jpg
-N_F,-N,F,-N_64.jpg
-N_F,-N,F,-N_7 (10).jpg
-N_F,-N,F,-N_7 (15).jpg
-N_F,-N,F,-N_7 (16).jpg
-N_F,-N,F,-N_7 (17).jpg
-N_F,-N,F,-N_7 (18).jpg
-N_F,-N,F,-N_7 (19).jpg
-N_F,-N,F,-N_7 (20).jpg
-N_F,-N,F,-N_7 (21).jpg
-N_F,-N,F,-N_7 (9).jpg
-N_F,-N,F,-N_8 (10).jpg
-N_F,-N,F,-N_8 (13).jpg
-N_F,-N,F,-N_8 (14).jpg
-N_F,-N,F,-N_8 (15).jpg
-N_F,-N,F,-N_8 (16).jpg
-N_F,-N,F,-N_8 (17).jpg
-N_F,-N,F,-N_8 (18).jpg
-N_F,-N,F,-N_8 (2).jpg
-N_F,-N,F,-N_8 (20).jpg
-N_F,-N,F,-N_8 (21).jpg
-N_F,-N,F,-N_8 (22).jpg
-N_F,-N,F,-N_8 (3).jpg
-N_F,-N,F,-N_8 (4).jpg
-N_F,-N,F,-N_8 (5).jpg
-N_F,-N,F,-N_8 (6).jpg
-N_F,-N,F,-N_8 (7).jpg
-N_F,-N,F,-N_8 (8).jpg
-N_F,-N,F,-N_8 (9).jpg
-N_F,-N,F,-N_9 (10).jpg
-N_F,-N,F,-N_9 (11).jpg
-N_F,-N,F,-N_9 (15).jpg
-N_F,-N,F,-N_9 (16).jpg
-N_F,-N,F,-N_9 (17).jpg
-N_F,-N,F,-N_9 (18).jpg
-N_F,-N,F,-N_9 (19).jpg
-N_F,-N,F,-N_9 (20).jpg
-N_F,-N,F,-N_9 (21).jpg
-N_F,-N,F,-N_9 (5).jpg
-N_F,-N,F,-N_9 (6).jpg
-N_F,-N,F,-N_9 (7).jpg
-N_F,-N,F,-N_9 (8).jpg
-N_WF,-N,WF,-N_1 (10).jpg
-N_WF,-N,WF,-N_1 (15).jpg
-N_WF,-N,WF,-N_1 (16).jpg
-N_WF,-N,WF,-N_1 (17).jpg
-N_WF,-N,WF,-N_1 (18).jpg
-N_WF,-N,WF,-N_1 (19).jpg
-N_WF,-N,WF,-N_1 (21).jpg
-N_WF,-N,WF,-N_1 (7).jpg
-N_WF,-N,WF,-N_1 (8).jpg
-N_WF,-N,WF,-N_1 (9).jpg
-N_WF,-N,WF,-N_10 (10).jpg
-N_WF,-N,WF,-N_10 (12).jpg
-N_WF,-N,WF,-N_10 (13).jpg
-N_WF,-N,WF,-N_10 (16).jpg
-N_WF,-N,WF,-N_10 (17).jpg
-N_WF,-N,WF,-N_10 (18).jpg
-N_WF,-N,WF,-N_10 (19).jpg
-N_WF,-N,WF,-N_10 (20).jpg
-N_WF,-N,WF,-N_10 (21).jpg
-N_WF,-N,WF,-N_10 (9).jpg
-N_WF,-N,WF,-N_11 (10).jpg
-N_WF,-N,WF,-N_11 (11).jpg
-N_WF,-N,WF,-N_11 (12).jpg
-N_WF,-N,WF,-N_11 (18).jpg
-N_WF,-N,WF,-N_11 (19).jpg
-N_WF,-N,WF,-N_11 (8).jpg
-N_WF,-N,WF,-N_11 (9).jpg
-N_WF,-N,WF,-N_12 (11).jpg
-N_WF,-N,WF,-N_12 (12).jpg
-N_WF,-N,WF,-N_12 (13).jpg
-N_WF,-N,WF,-N_12 (14).jpg
-N_WF,-N,WF,-N_12 (15).jpg
-N_WF,-N,WF,-N_12 (16).jpg
-N_WF,-N,WF,-N_12 (17).jpg
-N_WF,-N,WF,-N_12 (18).jpg
-N_WF,-N,WF,-N_12 (19).jpg
-N_WF,-N,WF,-N_12 (20).jpg
-N_WF,-N,WF,-N_12 (6).jpg
-N_WF,-N,WF,-N_12 (7).jpg
-N_WF,-N,WF,-N_12 (8).jpg
-N_WF,-N,WF,-N_12 (9).jpg
-N_WF,-N,WF,-N_13 (10).jpg
-N_WF,-N,WF,-N_13 (11).jpg
-N_WF,-N,WF,-N_13 (12).jpg
-N_WF,-N,WF,-N_13 (13).jpg
-N_WF,-N,WF,-N_13 (16).jpg
-N_WF,-N,WF,-N_13 (17).jpg
-N_WF,-N,WF,-N_13 (18).jpg
-N_WF,-N,WF,-N_13 (19).jpg
-N_WF,-N,WF,-N_13 (21).jpg
-N_WF,-N,WF,-N_13 (7).jpg
-N_WF,-N,WF,-N_13 (8).jpg
-N_WF,-N,WF,-N_13 (9).jpg
-N_WF,-N,WF,-N_14 (11).jpg
-N_WF,-N,WF,-N_14 (12).jpg
-N_WF,-N,WF,-N_14 (13).jpg
-N_WF,-N,WF,-N_14 (14).jpg
-N_WF,-N,WF,-N_14 (15).jpg
-N_WF,-N,WF,-N_14 (16).jpg
-N_WF,-N,WF,-N_14 (17).jpg
-N_WF,-N,WF,-N_14 (18).jpg
-N_WF,-N,WF,-N_14 (19).jpg
-N_WF,-N,WF,-N_14 (21).jpg
-N_WF,-N,WF,-N_14 (9).jpg
-N_WF,-N,WF,-N_14.jpg
-N_WF,-N,WF,-N_15 (12).jpg
-N_WF,-N,WF,-N_15 (13).jpg
-N_WF,-N,WF,-N_15 (14).jpg
-N_WF,-N,WF,-N_15 (17).jpg
-N_WF,-N,WF,-N_15 (18).jpg
-N_WF,-N,WF,-N_15 (20).jpg
-N_WF,-N,WF,-N_15 (21).jpg
-N_WF,-N,WF,-N_15 (22).jpg
-N_WF,-N,WF,-N_15.jpg
-N_WF,-N,WF,-N_16 (10).jpg
-N_WF,-N,WF,-N_16 (11).jpg
-N_WF,-N,WF,-N_16 (12).jpg
-N_WF,-N,WF,-N_16 (13).jpg
-N_WF,-N,WF,-N_16 (14).jpg
-N_WF,-N,WF,-N_16 (15).jpg
-N_WF,-N,WF,-N_16 (16).jpg
-N_WF,-N,WF,-N_16 (18).jpg
-N_WF,-N,WF,-N_16 (19).jpg
-N_WF,-N,WF,-N_16 (20).jpg
-N_WF,-N,WF,-N_16 (3).jpg
-N_WF,-N,WF,-N_16 (5).jpg
-N_WF,-N,WF,-N_16 (6).jpg
-N_WF,-N,WF,-N_16 (7).jpg
-N_WF,-N,WF,-N_16 (8).jpg
-N_WF,-N,WF,-N_17 (10).jpg
-N_WF,-N,WF,-N_17 (11).jpg
-N_WF,-N,WF,-N_17 (12).jpg
-N_WF,-N,WF,-N_17 (13).jpg
-N_WF,-N,WF,-N_17 (14).jpg
-N_WF,-N,WF,-N_17 (15).jpg
-N_WF,-N,WF,-N_17 (16).jpg
-N_WF,-N,WF,-N_17 (17).jpg
-N_WF,-N,WF,-N_17 (18).jpg
-N_WF,-N,WF,-N_17 (19).jpg
-N_WF,-N,WF,-N_17 (2).jpg
-N_WF,-N,WF,-N_17 (20).jpg
-N_WF,-N,WF,-N_17 (21).jpg
-N_WF,-N,WF,-N_17 (3).jpg
-N_WF,-N,WF,-N_17 (4).jpg
-N_WF,-N,WF,-N_17 (5).jpg
-N_WF,-N,WF,-N_17 (6).jpg
-N_WF,-N,WF,-N_17 (7).jpg
-N_WF,-N,WF,-N_17 (8).jpg
-N_WF,-N,WF,-N_17 (9).jpg
-N_WF,-N,WF,-N_17.jpg
-N_WF,-N,WF,-N_18 (10).jpg
-N_WF,-N,WF,-N_18 (11).jpg
-N_WF,-N,WF,-N_18 (12).jpg
-N_WF,-N,WF,-N_18 (13).jpg
-N_WF,-N,WF,-N_18 (15).jpg
-N_WF,-N,WF,-N_18 (16).jpg
-N_WF,-N,WF,-N_18 (17).jpg
-N_WF,-N,WF,-N_18 (18).jpg
-N_WF,-N,WF,-N_18 (19).jpg
-N_WF,-N,WF,-N_18 (20).jpg
-N_WF,-N,WF,-N_18 (4).jpg
-N_WF,-N,WF,-N_18 (9).jpg
-N_WF,-N,WF,-N_19 (10).jpg
-N_WF,-N,WF,-N_19 (11).jpg
-N_WF,-N,WF,-N_19 (12).jpg
-N_WF,-N,WF,-N_19 (13).jpg
-N_WF,-N,WF,-N_19 (14).jpg
-N_WF,-N,WF,-N_19 (15).jpg
-N_WF,-N,WF,-N_19 (16).jpg
-N_WF,-N,WF,-N_19 (17).jpg
-N_WF,-N,WF,-N_19 (18).jpg
-N_WF,-N,WF,-N_19 (19).jpg
-N_WF,-N,WF,-N_19 (20).jpg
-N_WF,-N,WF,-N_19 (21).jpg
-N_WF,-N,WF,-N_19 (22).jpg
-N_WF,-N,WF,-N_19 (3).jpg
-N_WF,-N,WF,-N_19 (5).jpg
-N_WF,-N,WF,-N_19 (6).jpg
-N_WF,-N,WF,-N_19 (7).jpg
-N_WF,-N,WF,-N_19 (8).jpg
-N_WF,-N,WF,-N_19 (9).jpg
-N_WF,-N,WF,-N_19.jpg
-N_WF,-N,WF,-N_2 (10).jpg
-N_WF,-N,WF,-N_2 (11).jpg
-N_WF,-N,WF,-N_2 (12).jpg
-N_WF,-N,WF,-N_2 (13).jpg
-N_WF,-N,WF,-N_2 (16).jpg
-N_WF,-N,WF,-N_2 (17).jpg
-N_WF,-N,WF,-N_2 (18).jpg
-N_WF,-N,WF,-N_2 (19).jpg
-N_WF,-N,WF,-N_2 (21).jpg
-N_WF,-N,WF,-N_2 (7).jpg
-N_WF,-N,WF,-N_2 (8).jpg
-N_WF,-N,WF,-N_2 (9).jpg
-N_WF,-N,WF,-N_20 (10).jpg
-N_WF,-N,WF,-N_20 (11).jpg
-N_WF,-N,WF,-N_20 (12).jpg
-N_WF,-N,WF,-N_20 (13).jpg
-N_WF,-N,WF,-N_20 (14).jpg
-N_WF,-N,WF,-N_20 (15).jpg
-N_WF,-N,WF,-N_20 (16).jpg
-N_WF,-N,WF,-N_20 (17).jpg
-N_WF,-N,WF,-N_20 (18).jpg
-N_WF,-N,WF,-N_20 (19).jpg
-N_WF,-N,WF,-N_20 (20).jpg
-N_WF,-N,WF,-N_20 (6).jpg
-N_WF,-N,WF,-N_20 (7).jpg
-N_WF,-N,WF,-N_20 (8).jpg
-N_WF,-N,WF,-N_21 (10).jpg
-N_WF,-N,WF,-N_21 (11).jpg
-N_WF,-N,WF,-N_21 (12).jpg
-N_WF,-N,WF,-N_21 (14).jpg
-N_WF,-N,WF,-N_21 (16).jpg
-N_WF,-N,WF,-N_21 (17).jpg
-N_WF,-N,WF,-N_21 (18).jpg
-N_WF,-N,WF,-N_21 (19).jpg
-N_WF,-N,WF,-N_21 (20).jpg
-N_WF,-N,WF,-N_21 (21).jpg
-N_WF,-N,WF,-N_21 (6).jpg
-N_WF,-N,WF,-N_21 (7).jpg
-N_WF,-N,WF,-N_21 (8).jpg
-N_WF,-N,WF,-N_21 (9).jpg
-N_WF,-N,WF,-N_22 (10).jpg
-N_WF,-N,WF,-N_22 (13).jpg
-N_WF,-N,WF,-N_22 (16).jpg
-N_WF,-N,WF,-N_22 (17).jpg
-N_WF,-N,WF,-N_22 (18).jpg
-N_WF,-N,WF,-N_22 (19).jpg
-N_WF,-N,WF,-N_22 (20).jpg
-N_WF,-N,WF,-N_22 (21).jpg
-N_WF,-N,WF,-N_22 (8).jpg
-N_WF,-N,WF,-N_22 (9).jpg
-N_WF,-N,WF,-N_22.jpg
-N_WF,-N,WF,-N_23 (10).jpg
-N_WF,-N,WF,-N_23 (11).jpg
-N_WF,-N,WF,-N_23 (12).jpg
-N_WF,-N,WF,-N_23 (13).jpg
-N_WF,-N,WF,-N_23 (16).jpg
-N_WF,-N,WF,-N_23 (17).jpg
-N_WF,-N,WF,-N_23 (18).jpg
-N_WF,-N,WF,-N_23 (19).jpg
-N_WF,-N,WF,-N_23 (20).jpg
-N_WF,-N,WF,-N_23 (21).jpg
-N_WF,-N,WF,-N_23 (4).jpg
-N_WF,-N,WF,-N_23 (6).jpg
-N_WF,-N,WF,-N_23 (7).jpg
-N_WF,-N,WF,-N_23 (8).jpg
-N_WF,-N,WF,-N_23 (9).jpg
-N_WF,-N,WF,-N_24 (10).jpg
-N_WF,-N,WF,-N_24 (11).jpg
-N_WF,-N,WF,-N_24 (12).jpg
-N_WF,-N,WF,-N_24 (16).jpg
-N_WF,-N,WF,-N_24 (17).jpg
-N_WF,-N,WF,-N_24 (18).jpg
-N_WF,-N,WF,-N_24 (8).jpg
-N_WF,-N,WF,-N_25 (10).jpg
-N_WF,-N,WF,-N_25 (11).jpg
-N_WF,-N,WF,-N_25 (12).jpg
-N_WF,-N,WF,-N_25 (13).jpg
-N_WF,-N,WF,-N_25 (14).jpg
-N_WF,-N,WF,-N_25 (16).jpg
-N_WF,-N,WF,-N_25 (17).jpg
-N_WF,-N,WF,-N_25 (19).jpg
-N_WF,-N,WF,-N_25 (20).jpg
-N_WF,-N,WF,-N_25 (8).jpg
-N_WF,-N,WF,-N_25 (9).jpg
-N_WF,-N,WF,-N_26 (10).jpg
-N_WF,-N,WF,-N_26 (11).jpg
-N_WF,-N,WF,-N_26 (12).jpg
-N_WF,-N,WF,-N_26 (13).jpg
-N_WF,-N,WF,-N_26 (14).jpg
-N_WF,-N,WF,-N_26 (15).jpg
-N_WF,-N,WF,-N_26 (16).jpg
-N_WF,-N,WF,-N_26 (17).jpg
-N_WF,-N,WF,-N_26 (18).jpg
-N_WF,-N,WF,-N_26 (19).jpg
-N_WF,-N,WF,-N_26 (2).jpg
-N_WF,-N,WF,-N_26 (20).jpg
-N_WF,-N,WF,-N_26 (21).jpg
-N_WF,-N,WF,-N_26 (22).jpg
-N_WF,-N,WF,-N_26 (3).jpg
-N_WF,-N,WF,-N_26 (4).jpg
-N_WF,-N,WF,-N_26 (5).jpg
-N_WF,-N,WF,-N_26 (6).jpg
-N_WF,-N,WF,-N_26 (7).jpg
-N_WF,-N,WF,-N_26 (8).jpg
-N_WF,-N,WF,-N_26 (9).jpg
-N_WF,-N,WF,-N_26.jpg
-N_WF,-N,WF,-N_27 (10).jpg
-N_WF,-N,WF,-N_27 (11).jpg
-N_WF,-N,WF,-N_27 (13).jpg
-N_WF,-N,WF,-N_27 (18).jpg
-N_WF,-N,WF,-N_27 (19).jpg
-N_WF,-N,WF,-N_27 (22).jpg
-N_WF,-N,WF,-N_27.jpg
-N_WF,-N,WF,-N_28 (10).jpg
-N_WF,-N,WF,-N_28 (11).jpg
-N_WF,-N,WF,-N_28 (12).jpg
-N_WF,-N,WF,-N_28 (13).jpg
-N_WF,-N,WF,-N_28 (14).jpg
-N_WF,-N,WF,-N_28 (15).jpg
-N_WF,-N,WF,-N_28 (17).jpg
-N_WF,-N,WF,-N_28 (21).jpg
-N_WF,-N,WF,-N_28 (6).jpg
-N_WF,-N,WF,-N_28 (9).jpg
-N_WF,-N,WF,-N_29 (10).jpg
-N_WF,-N,WF,-N_29 (11).jpg
-N_WF,-N,WF,-N_29 (12).jpg
-N_WF,-N,WF,-N_29 (13).jpg
-N_WF,-N,WF,-N_29 (14).jpg
-N_WF,-N,WF,-N_29 (15).jpg
-N_WF,-N,WF,-N_29 (16).jpg
-N_WF,-N,WF,-N_29 (17).jpg
-N_WF,-N,WF,-N_29 (18).jpg
-N_WF,-N,WF,-N_29 (19).jpg
-N_WF,-N,WF,-N_29 (20).jpg
-N_WF,-N,WF,-N_29 (21).jpg
-N_WF,-N,WF,-N_29 (22).jpg
-N_WF,-N,WF,-N_29 (6).jpg
-N_WF,-N,WF,-N_29 (7).jpg
-N_WF,-N,WF,-N_29 (8).jpg
-N_WF,-N,WF,-N_29 (9).jpg
-N_WF,-N,WF,-N_29.jpg
-N_WF,-N,WF,-N_3 (10).jpg
-N_WF,-N,WF,-N_3 (11).jpg
-N_WF,-N,WF,-N_3 (12).jpg
-N_WF,-N,WF,-N_3 (13).jpg
-N_WF,-N,WF,-N_3 (15).jpg
-N_WF,-N,WF,-N_3 (17).jpg
-N_WF,-N,WF,-N_3 (18).jpg
-N_WF,-N,WF,-N_3 (19).jpg
-N_WF,-N,WF,-N_3 (20).jpg
-N_WF,-N,WF,-N_3 (21).jpg
-N_WF,-N,WF,-N_3 (8).jpg
-N_WF,-N,WF,-N_3 (9).jpg
-N_WF,-N,WF,-N_30 (13).jpg
-N_WF,-N,WF,-N_30 (21).jpg
-N_WF,-N,WF,-N_31 (11).jpg
-N_WF,-N,WF,-N_31 (12).jpg
-N_WF,-N,WF,-N_31 (13).jpg
-N_WF,-N,WF,-N_31 (15).jpg
-N_WF,-N,WF,-N_31 (18).jpg
-N_WF,-N,WF,-N_31 (19).jpg
-N_WF,-N,WF,-N_31 (2).jpg
-N_WF,-N,WF,-N_31 (20).jpg
-N_WF,-N,WF,-N_31 (22).jpg
-N_WF,-N,WF,-N_31 (4).jpg
-N_WF,-N,WF,-N_31 (5).jpg
-N_WF,-N,WF,-N_31 (6).jpg
-N_WF,-N,WF,-N_31 (7).jpg
-N_WF,-N,WF,-N_31 (8).jpg
-N_WF,-N,WF,-N_31 (9).jpg
-N_WF,-N,WF,-N_31.jpg
-N_WF,-N,WF,-N_32 (10).jpg
-N_WF,-N,WF,-N_32 (11).jpg
-N_WF,-N,WF,-N_32 (13).jpg
-N_WF,-N,WF,-N_32 (14).jpg
-N_WF,-N,WF,-N_32 (15).jpg
-N_WF,-N,WF,-N_32 (16).jpg
-N_WF,-N,WF,-N_32 (18).jpg
-N_WF,-N,WF,-N_32 (20).jpg
-N_WF,-N,WF,-N_34 (10).jpg
-N_WF,-N,WF,-N_34 (12).jpg
-N_WF,-N,WF,-N_34 (13).jpg
-N_WF,-N,WF,-N_34 (14).jpg
-N_WF,-N,WF,-N_34 (15).jpg
-N_WF,-N,WF,-N_34 (16).jpg
-N_WF,-N,WF,-N_34 (17).jpg
-N_WF,-N,WF,-N_34 (18).jpg
-N_WF,-N,WF,-N_34 (19).jpg
-N_WF,-N,WF,-N_34 (20).jpg
-N_WF,-N,WF,-N_34 (21).jpg
-N_WF,-N,WF,-N_35 (10).jpg
-N_WF,-N,WF,-N_35 (11).jpg
-N_WF,-N,WF,-N_35 (14).jpg
-N_WF,-N,WF,-N_35 (15).jpg
-N_WF,-N,WF,-N_35 (18).jpg
-N_WF,-N,WF,-N_35 (19).jpg
-N_WF,-N,WF,-N_35 (20).jpg
-N_WF,-N,WF,-N_35 (5).jpg
-N_WF,-N,WF,-N_35 (6).jpg
-N_WF,-N,WF,-N_35 (7).jpg
-N_WF,-N,WF,-N_35 (9).jpg
-N_WF,-N,WF,-N_36 (10).jpg
-N_WF,-N,WF,-N_36 (12).jpg
-N_WF,-N,WF,-N_36 (14).jpg
-N_WF,-N,WF,-N_36 (16).jpg
-N_WF,-N,WF,-N_36 (18).jpg
-N_WF,-N,WF,-N_36 (19).jpg
-N_WF,-N,WF,-N_36 (21).jpg
-N_WF,-N,WF,-N_36 (5).jpg
-N_WF,-N,WF,-N_36 (6).jpg
-N_WF,-N,WF,-N_36 (7).jpg
-N_WF,-N,WF,-N_36 (8).jpg
-N_WF,-N,WF,-N_36 (9).jpg
-N_WF,-N,WF,-N_37 (10).jpg
-N_WF,-N,WF,-N_37 (11).jpg
-N_WF,-N,WF,-N_37 (12).jpg
-N_WF,-N,WF,-N_37 (13).jpg
-N_WF,-N,WF,-N_37 (14).jpg
-N_WF,-N,WF,-N_37 (15).jpg
-N_WF,-N,WF,-N_37 (16).jpg
-N_WF,-N,WF,-N_37 (19).jpg
-N_WF,-N,WF,-N_37 (20).jpg
-N_WF,-N,WF,-N_37 (21).jpg
-N_WF,-N,WF,-N_37 (22).jpg
-N_WF,-N,WF,-N_37 (4).jpg
-N_WF,-N,WF,-N_37 (5).jpg
-N_WF,-N,WF,-N_37 (6).jpg
-N_WF,-N,WF,-N_37 (7).jpg
-N_WF,-N,WF,-N_37 (8).jpg
-N_WF,-N,WF,-N_37 (9).jpg
-N_WF,-N,WF,-N_37.jpg
-N_WF,-N,WF,-N_38 (10).jpg
-N_WF,-N,WF,-N_38 (11).jpg
-N_WF,-N,WF,-N_38 (12).jpg
-N_WF,-N,WF,-N_38 (13).jpg
-N_WF,-N,WF,-N_38 (14).jpg
-N_WF,-N,WF,-N_38 (16).jpg
-N_WF,-N,WF,-N_38 (17).jpg
-N_WF,-N,WF,-N_38 (18).jpg
-N_WF,-N,WF,-N_38 (19).jpg
-N_WF,-N,WF,-N_38 (20).jpg
-N_WF,-N,WF,-N_38 (21).jpg
-N_WF,-N,WF,-N_38 (4).jpg
-N_WF,-N,WF,-N_38 (6).jpg
-N_WF,-N,WF,-N_38 (7).jpg
-N_WF,-N,WF,-N_38 (8).jpg
-N_WF,-N,WF,-N_38.jpg
-N_WF,-N,WF,-N_39 (10).jpg
-N_WF,-N,WF,-N_39 (12).jpg
-N_WF,-N,WF,-N_39 (13).jpg
-N_WF,-N,WF,-N_39 (15).jpg
-N_WF,-N,WF,-N_39 (16).jpg
-N_WF,-N,WF,-N_39 (17).jpg
-N_WF,-N,WF,-N_39 (19).jpg
-N_WF,-N,WF,-N_39 (20).jpg
-N_WF,-N,WF,-N_39 (4).jpg
-N_WF,-N,WF,-N_39 (6).jpg
-N_WF,-N,WF,-N_39 (7).jpg
-N_WF,-N,WF,-N_39 (8).jpg
-N_WF,-N,WF,-N_39 (9).jpg
-N_WF,-N,WF,-N_4 (12).jpg
-N_WF,-N,WF,-N_4 (15).jpg
-N_WF,-N,WF,-N_4 (16).jpg
-N_WF,-N,WF,-N_4 (17).jpg
-N_WF,-N,WF,-N_4 (18).jpg
-N_WF,-N,WF,-N_4 (19).jpg
-N_WF,-N,WF,-N_4 (20).jpg
-N_WF,-N,WF,-N_4 (21).jpg
-N_WF,-N,WF,-N_4 (3).jpg
-N_WF,-N,WF,-N_4 (4).jpg
-N_WF,-N,WF,-N_4 (5).jpg
-N_WF,-N,WF,-N_4 (6).jpg
-N_WF,-N,WF,-N_4 (7).jpg
-N_WF,-N,WF,-N_4 (8).jpg
-N_WF,-N,WF,-N_4 (9).jpg
-N_WF,-N,WF,-N_40 (11).jpg
-N_WF,-N,WF,-N_40 (13).jpg
-N_WF,-N,WF,-N_40 (14).jpg
-N_WF,-N,WF,-N_40 (15).jpg
-N_WF,-N,WF,-N_40 (16).jpg
-N_WF,-N,WF,-N_40 (17).jpg
-N_WF,-N,WF,-N_40 (18).jpg
-N_WF,-N,WF,-N_40 (19).jpg
-N_WF,-N,WF,-N_40 (4).jpg
-N_WF,-N,WF,-N_40 (5).jpg
-N_WF,-N,WF,-N_40 (6).jpg
-N_WF,-N,WF,-N_40 (7).jpg
-N_WF,-N,WF,-N_40 (8).jpg
-N_WF,-N,WF,-N_40 (9).jpg
-N_WF,-N,WF,-N_41 (11).jpg
-N_WF,-N,WF,-N_41 (12).jpg
-N_WF,-N,WF,-N_41 (13).jpg
-N_WF,-N,WF,-N_41 (14).jpg
-N_WF,-N,WF,-N_41 (15).jpg
-N_WF,-N,WF,-N_41 (16).jpg
-N_WF,-N,WF,-N_41 (17).jpg
-N_WF,-N,WF,-N_41 (18).jpg
-N_WF,-N,WF,-N_41 (19).jpg
-N_WF,-N,WF,-N_41 (20).jpg
-N_WF,-N,WF,-N_41 (21).jpg
-N_WF,-N,WF,-N_41 (3).jpg
-N_WF,-N,WF,-N_41 (4).jpg
-N_WF,-N,WF,-N_41 (6).jpg
-N_WF,-N,WF,-N_41 (7).jpg
-N_WF,-N,WF,-N_41 (8).jpg
-N_WF,-N,WF,-N_42 (11).jpg
-N_WF,-N,WF,-N_42 (12).jpg
-N_WF,-N,WF,-N_42 (13).jpg
-N_WF,-N,WF,-N_42 (14).jpg
-N_WF,-N,WF,-N_42 (15).jpg
-N_WF,-N,WF,-N_42 (16).jpg
-N_WF,-N,WF,-N_42 (17).jpg
-N_WF,-N,WF,-N_42 (18).jpg
-N_WF,-N,WF,-N_42 (19).jpg
-N_WF,-N,WF,-N_42 (20).jpg
-N_WF,-N,WF,-N_42 (21).jpg
-N_WF,-N,WF,-N_42 (7).jpg
-N_WF,-N,WF,-N_42 (8).jpg
-N_WF,-N,WF,-N_42 (9).jpg
-N_WF,-N,WF,-N_43 (10).jpg
-N_WF,-N,WF,-N_43 (11).jpg
-N_WF,-N,WF,-N_43 (12).jpg
-N_WF,-N,WF,-N_43 (13).jpg
-N_WF,-N,WF,-N_43 (15).jpg
-N_WF,-N,WF,-N_43 (16).jpg
-N_WF,-N,WF,-N_43 (17).jpg
-N_WF,-N,WF,-N_43 (18).jpg
-N_WF,-N,WF,-N_43 (19).jpg
-N_WF,-N,WF,-N_43 (20).jpg
-N_WF,-N,WF,-N_43 (21).jpg
-N_WF,-N,WF,-N_43 (22).jpg
-N_WF,-N,WF,-N_43 (3).jpg
-N_WF,-N,WF,-N_43 (5).jpg
-N_WF,-N,WF,-N_43 (6).jpg
-N_WF,-N,WF,-N_43 (7).jpg
-N_WF,-N,WF,-N_43 (8).jpg
-N_WF,-N,WF,-N_43.jpg
-N_WF,-N,WF,-N_44 (10).jpg
-N_WF,-N,WF,-N_44 (11).jpg
-N_WF,-N,WF,-N_44 (12).jpg
-N_WF,-N,WF,-N_44 (14).jpg
-N_WF,-N,WF,-N_44 (15).jpg
-N_WF,-N,WF,-N_44 (16).jpg
-N_WF,-N,WF,-N_44 (17).jpg
-N_WF,-N,WF,-N_44 (18).jpg
-N_WF,-N,WF,-N_44 (19).jpg
-N_WF,-N,WF,-N_44 (20).jpg
-N_WF,-N,WF,-N_44 (5).jpg
-N_WF,-N,WF,-N_44 (6).jpg
-N_WF,-N,WF,-N_44 (7).jpg
-N_WF,-N,WF,-N_45 (13).jpg
-N_WF,-N,WF,-N_45 (14).jpg
-N_WF,-N,WF,-N_45 (15).jpg
-N_WF,-N,WF,-N_45 (16).jpg
-N_WF,-N,WF,-N_45 (17).jpg
-N_WF,-N,WF,-N_45 (18).jpg
-N_WF,-N,WF,-N_45 (19).jpg
-N_WF,-N,WF,-N_45 (20).jpg
-N_WF,-N,WF,-N_45 (21).jpg
-N_WF,-N,WF,-N_46 (10).jpg
-N_WF,-N,WF,-N_46 (11).jpg
-N_WF,-N,WF,-N_46 (13).jpg
-N_WF,-N,WF,-N_46 (15).jpg
-N_WF,-N,WF,-N_46 (16).jpg
-N_WF,-N,WF,-N_46 (18).jpg
-N_WF,-N,WF,-N_46 (19).jpg
-N_WF,-N,WF,-N_46 (21).jpg
-N_WF,-N,WF,-N_46 (7).jpg
-N_WF,-N,WF,-N_46 (8).jpg
-N_WF,-N,WF,-N_47 (10).jpg
-N_WF,-N,WF,-N_47 (14).jpg
-N_WF,-N,WF,-N_47 (15).jpg
-N_WF,-N,WF,-N_47 (16).jpg
-N_WF,-N,WF,-N_47 (18).jpg
-N_WF,-N,WF,-N_47 (19).jpg
-N_WF,-N,WF,-N_47 (20).jpg
-N_WF,-N,WF,-N_47 (22).jpg
-N_WF,-N,WF,-N_47 (4).jpg
-N_WF,-N,WF,-N_47 (6).jpg
-N_WF,-N,WF,-N_47 (7).jpg
-N_WF,-N,WF,-N_47 (8).jpg
-N_WF,-N,WF,-N_47.jpg
-N_WF,-N,WF,-N_48 (10).jpg
-N_WF,-N,WF,-N_48 (11).jpg
-N_WF,-N,WF,-N_48 (12).jpg
-N_WF,-N,WF,-N_48 (14).jpg
-N_WF,-N,WF,-N_48 (15).jpg
-N_WF,-N,WF,-N_48 (17).jpg
-N_WF,-N,WF,-N_48 (18).jpg
-N_WF,-N,WF,-N_48 (19).jpg
-N_WF,-N,WF,-N_48 (2).jpg
-N_WF,-N,WF,-N_48 (20).jpg
-N_WF,-N,WF,-N_48 (22).jpg
-N_WF,-N,WF,-N_48 (3).jpg
-N_WF,-N,WF,-N_48 (4).jpg
-N_WF,-N,WF,-N_48 (5).jpg
-N_WF,-N,WF,-N_48 (6).jpg
-N_WF,-N,WF,-N_48 (7).jpg
-N_WF,-N,WF,-N_48 (8).jpg
-N_WF,-N,WF,-N_48.jpg
-N_WF,-N,WF,-N_49 (10).jpg
-N_WF,-N,WF,-N_49 (11).jpg
-N_WF,-N,WF,-N_49 (18).jpg
-N_WF,-N,WF,-N_49 (19).jpg
-N_WF,-N,WF,-N_49 (20).jpg
-N_WF,-N,WF,-N_49 (21).jpg
-N_WF,-N,WF,-N_49 (8).jpg
-N_WF,-N,WF,-N_5 (10).jpg
-N_WF,-N,WF,-N_5 (11).jpg
-N_WF,-N,WF,-N_5 (12).jpg
-N_WF,-N,WF,-N_5 (14).jpg
-N_WF,-N,WF,-N_5 (15).jpg
-N_WF,-N,WF,-N_5 (17).jpg
-N_WF,-N,WF,-N_5 (18).jpg
-N_WF,-N,WF,-N_5 (19).jpg
-N_WF,-N,WF,-N_5 (20).jpg
-N_WF,-N,WF,-N_5 (21).jpg
-N_WF,-N,WF,-N_5 (5).jpg
-N_WF,-N,WF,-N_5 (6).jpg
-N_WF,-N,WF,-N_5 (7).jpg
-N_WF,-N,WF,-N_5 (8).jpg
-N_WF,-N,WF,-N_5 (9).jpg
-N_WF,-N,WF,-N_50 (10).jpg
-N_WF,-N,WF,-N_50 (11).jpg
-N_WF,-N,WF,-N_50 (17).jpg
-N_WF,-N,WF,-N_50 (18).jpg
-N_WF,-N,WF,-N_50 (19).jpg
-N_WF,-N,WF,-N_50 (20).jpg
-N_WF,-N,WF,-N_50 (8).jpg
-N_WF,-N,WF,-N_50 (9).jpg
-N_WF,-N,WF,-N_51 (10).jpg
-N_WF,-N,WF,-N_51 (13).jpg
-N_WF,-N,WF,-N_51 (16).jpg
-N_WF,-N,WF,-N_51 (17).jpg
-N_WF,-N,WF,-N_51 (20).jpg
-N_WF,-N,WF,-N_51 (21).jpg
-N_WF,-N,WF,-N_51 (22).jpg
-N_WF,-N,WF,-N_52 (16).jpg
-N_WF,-N,WF,-N_52 (17).jpg
-N_WF,-N,WF,-N_52 (18).jpg
-N_WF,-N,WF,-N_52 (2).jpg
-N_WF,-N,WF,-N_52 (20).jpg
-N_WF,-N,WF,-N_52 (21).jpg
-N_WF,-N,WF,-N_52 (22).jpg
-N_WF,-N,WF,-N_52 (3).jpg
-N_WF,-N,WF,-N_52 (4).jpg
-N_WF,-N,WF,-N_52 (6).jpg
-N_WF,-N,WF,-N_52 (8).jpg
-N_WF,-N,WF,-N_52 (9).jpg
-N_WF,-N,WF,-N_52.jpg
-N_WF,-N,WF,-N_53 (10).jpg
-N_WF,-N,WF,-N_53 (11).jpg
-N_WF,-N,WF,-N_53 (14).jpg
-N_WF,-N,WF,-N_53 (16).jpg
-N_WF,-N,WF,-N_53 (17).jpg
-N_WF,-N,WF,-N_53 (18).jpg
-N_WF,-N,WF,-N_53 (19).jpg
-N_WF,-N,WF,-N_53 (2).jpg
-N_WF,-N,WF,-N_53 (20).jpg
-N_WF,-N,WF,-N_53 (22).jpg
-N_WF,-N,WF,-N_53 (3).jpg
-N_WF,-N,WF,-N_53 (6).jpg
-N_WF,-N,WF,-N_53 (7).jpg
-N_WF,-N,WF,-N_53 (8).jpg
-N_WF,-N,WF,-N_53 (9).jpg
-N_WF,-N,WF,-N_53.jpg
-N_WF,-N,WF,-N_54 (10).jpg
-N_WF,-N,WF,-N_54 (11).jpg
-N_WF,-N,WF,-N_54 (14).jpg
-N_WF,-N,WF,-N_54 (16).jpg
-N_WF,-N,WF,-N_54 (17).jpg
-N_WF,-N,WF,-N_54 (18).jpg
-N_WF,-N,WF,-N_54 (19).jpg
-N_WF,-N,WF,-N_54 (2).jpg
-N_WF,-N,WF,-N_54 (20).jpg
-N_WF,-N,WF,-N_54 (21).jpg
-N_WF,-N,WF,-N_54 (22).jpg
-N_WF,-N,WF,-N_54 (3).jpg
-N_WF,-N,WF,-N_54 (4).jpg
-N_WF,-N,WF,-N_54 (6).jpg
-N_WF,-N,WF,-N_54 (7).jpg
-N_WF,-N,WF,-N_54 (9).jpg
-N_WF,-N,WF,-N_54.jpg
-N_WF,-N,WF,-N_55 (10).jpg
-N_WF,-N,WF,-N_55 (13).jpg
-N_WF,-N,WF,-N_55 (14).jpg
-N_WF,-N,WF,-N_55 (15).jpg
-N_WF,-N,WF,-N_55 (16).jpg
-N_WF,-N,WF,-N_55 (18).jpg
-N_WF,-N,WF,-N_55 (19).jpg
-N_WF,-N,WF,-N_55 (2).jpg
-N_WF,-N,WF,-N_55 (20).jpg
-N_WF,-N,WF,-N_55 (21).jpg
-N_WF,-N,WF,-N_55 (22).jpg
-N_WF,-N,WF,-N_55 (3).jpg
-N_WF,-N,WF,-N_55 (4).jpg
-N_WF,-N,WF,-N_55 (6).jpg
-N_WF,-N,WF,-N_55 (7).jpg
-N_WF,-N,WF,-N_55 (8).jpg
-N_WF,-N,WF,-N_57 (10).jpg
-N_WF,-N,WF,-N_57 (11).jpg
-N_WF,-N,WF,-N_57 (12).jpg
-N_WF,-N,WF,-N_57 (13).jpg
-N_WF,-N,WF,-N_57 (15).jpg
-N_WF,-N,WF,-N_57 (17).jpg
-N_WF,-N,WF,-N_57 (18).jpg
-N_WF,-N,WF,-N_57 (19).jpg
-N_WF,-N,WF,-N_57 (21).jpg
-N_WF,-N,WF,-N_57 (22).jpg
-N_WF,-N,WF,-N_57 (4).jpg
-N_WF,-N,WF,-N_57 (5).jpg
-N_WF,-N,WF,-N_57 (6).jpg
-N_WF,-N,WF,-N_57 (7).jpg
-N_WF,-N,WF,-N_57 (8).jpg
-N_WF,-N,WF,-N_57 (9).jpg
-N_WF,-N,WF,-N_58 (12).jpg
-N_WF,-N,WF,-N_58 (13).jpg
-N_WF,-N,WF,-N_58 (14).jpg
-N_WF,-N,WF,-N_58 (16).jpg
-N_WF,-N,WF,-N_58 (17).jpg
-N_WF,-N,WF,-N_58 (19).jpg
-N_WF,-N,WF,-N_58 (2).jpg
-N_WF,-N,WF,-N_58 (20).jpg
-N_WF,-N,WF,-N_58 (21).jpg
-N_WF,-N,WF,-N_58 (3).jpg
-N_WF,-N,WF,-N_58 (4).jpg
-N_WF,-N,WF,-N_58 (5).jpg
-N_WF,-N,WF,-N_58 (6).jpg
-N_WF,-N,WF,-N_58 (7).jpg
-N_WF,-N,WF,-N_58 (9).jpg
-N_WF,-N,WF,-N_58.jpg
-N_WF,-N,WF,-N_59 (10).jpg
-N_WF,-N,WF,-N_59 (11).jpg
-N_WF,-N,WF,-N_59 (12).jpg
-N_WF,-N,WF,-N_59 (14).jpg
-N_WF,-N,WF,-N_59 (15).jpg
-N_WF,-N,WF,-N_59 (16).jpg
-N_WF,-N,WF,-N_59 (17).jpg
-N_WF,-N,WF,-N_59 (18).jpg
-N_WF,-N,WF,-N_59 (19).jpg
-N_WF,-N,WF,-N_59 (20).jpg
-N_WF,-N,WF,-N_59 (21).jpg
-N_WF,-N,WF,-N_59 (22).jpg
-N_WF,-N,WF,-N_59 (3).jpg
-N_WF,-N,WF,-N_59 (4).jpg
-N_WF,-N,WF,-N_59 (5).jpg
-N_WF,-N,WF,-N_59 (6).jpg
-N_WF,-N,WF,-N_59 (8).jpg
-N_WF,-N,WF,-N_59 (9).jpg
-N_WF,-N,WF,-N_59.jpg
-N_WF,-N,WF,-N_6 (10).jpg
-N_WF,-N,WF,-N_6 (11).jpg
-N_WF,-N,WF,-N_6 (12).jpg
-N_WF,-N,WF,-N_6 (13).jpg
-N_WF,-N,WF,-N_6 (17).jpg
-N_WF,-N,WF,-N_6 (18).jpg
-N_WF,-N,WF,-N_6 (19).jpg
-N_WF,-N,WF,-N_6 (21).jpg
-N_WF,-N,WF,-N_6 (9).jpg
-N_WF,-N,WF,-N_60 (10).jpg
-N_WF,-N,WF,-N_60 (11).jpg
-N_WF,-N,WF,-N_60 (12).jpg
-N_WF,-N,WF,-N_60 (13).jpg
-N_WF,-N,WF,-N_60 (14).jpg
-N_WF,-N,WF,-N_60 (15).jpg
-N_WF,-N,WF,-N_60 (16).jpg
-N_WF,-N,WF,-N_60 (17).jpg
-N_WF,-N,WF,-N_60 (18).jpg
-N_WF,-N,WF,-N_60 (19).jpg
-N_WF,-N,WF,-N_60 (2).jpg
-N_WF,-N,WF,-N_60 (20).jpg
-N_WF,-N,WF,-N_60 (21).jpg
-N_WF,-N,WF,-N_60 (3).jpg
-N_WF,-N,WF,-N_60 (5).jpg
-N_WF,-N,WF,-N_60 (7).jpg
-N_WF,-N,WF,-N_60 (8).jpg
-N_WF,-N,WF,-N_61 (10).jpg
-N_WF,-N,WF,-N_61 (11).jpg
-N_WF,-N,WF,-N_61 (12).jpg
-N_WF,-N,WF,-N_61 (13).jpg
-N_WF,-N,WF,-N_61 (15).jpg
-N_WF,-N,WF,-N_61 (16).jpg
-N_WF,-N,WF,-N_61 (17).jpg
-N_WF,-N,WF,-N_61 (18).jpg
-N_WF,-N,WF,-N_61 (19).jpg
-N_WF,-N,WF,-N_61 (2).jpg
-N_WF,-N,WF,-N_61 (20).jpg
-N_WF,-N,WF,-N_61 (21).jpg
-N_WF,-N,WF,-N_61 (22).jpg
-N_WF,-N,WF,-N_61 (3).jpg
-N_WF,-N,WF,-N_61 (4).jpg
-N_WF,-N,WF,-N_61 (5).jpg
-N_WF,-N,WF,-N_61 (6).jpg
-N_WF,-N,WF,-N_61 (7).jpg
-N_WF,-N,WF,-N_61 (8).jpg
-N_WF,-N,WF,-N_61 (9).jpg
-N_WF,-N,WF,-N_61.jpg
-N_WF,-N,WF,-N_62 (10).jpg
-N_WF,-N,WF,-N_62 (11).jpg
-N_WF,-N,WF,-N_62 (12).jpg
-N_WF,-N,WF,-N_62 (13).jpg
-N_WF,-N,WF,-N_62 (14).jpg
-N_WF,-N,WF,-N_62 (15).jpg
-N_WF,-N,WF,-N_62 (16).jpg
-N_WF,-N,WF,-N_62 (18).jpg
-N_WF,-N,WF,-N_62 (19).jpg
-N_WF,-N,WF,-N_62 (2).jpg
-N_WF,-N,WF,-N_62 (20).jpg
-N_WF,-N,WF,-N_62 (21).jpg
-N_WF,-N,WF,-N_62 (22).jpg
-N_WF,-N,WF,-N_62 (3).jpg
-N_WF,-N,WF,-N_62 (5).jpg
-N_WF,-N,WF,-N_62 (6).jpg
-N_WF,-N,WF,-N_62 (7).jpg
-N_WF,-N,WF,-N_62 (9).jpg
-N_WF,-N,WF,-N_62.jpg
-N_WF,-N,WF,-N_63 (10).jpg
-N_WF,-N,WF,-N_63 (11).jpg
-N_WF,-N,WF,-N_63 (12).jpg
-N_WF,-N,WF,-N_63 (13).jpg
-N_WF,-N,WF,-N_63 (15).jpg
-N_WF,-N,WF,-N_63 (16).jpg
-N_WF,-N,WF,-N_63 (17).jpg
-N_WF,-N,WF,-N_63 (18).jpg
-N_WF,-N,WF,-N_63 (2).jpg
-N_WF,-N,WF,-N_63 (20).jpg
-N_WF,-N,WF,-N_63 (21).jpg
-N_WF,-N,WF,-N_63 (22).jpg
-N_WF,-N,WF,-N_63 (4).jpg
-N_WF,-N,WF,-N_63 (5).jpg
-N_WF,-N,WF,-N_63 (6).jpg
-N_WF,-N,WF,-N_63 (7).jpg
-N_WF,-N,WF,-N_63 (9).jpg
-N_WF,-N,WF,-N_63.jpg
-N_WF,-N,WF,-N_64 (10).jpg
-N_WF,-N,WF,-N_64 (11).jpg
-N_WF,-N,WF,-N_64 (12).jpg
-N_WF,-N,WF,-N_64 (13).jpg
-N_WF,-N,WF,-N_64 (14).jpg
-N_WF,-N,WF,-N_64 (15).jpg
-N_WF,-N,WF,-N_64 (16).jpg
-N_WF,-N,WF,-N_64 (17).jpg
-N_WF,-N,WF,-N_64 (18).jpg
-N_WF,-N,WF,-N_64 (2).jpg
-N_WF,-N,WF,-N_64 (20).jpg
-N_WF,-N,WF,-N_64 (22).jpg
-N_WF,-N,WF,-N_64 (3).jpg
-N_WF,-N,WF,-N_64 (5).jpg
-N_WF,-N,WF,-N_64 (6).jpg
-N_WF,-N,WF,-N_64 (7).jpg
-N_WF,-N,WF,-N_64 (8).jpg
-N_WF,-N,WF,-N_64 (9).jpg
-N_WF,-N,WF,-N_64.jpg
-N_WF,-N,WF,-N_7 (10).jpg
-N_WF,-N,WF,-N_7 (11).jpg
-N_WF,-N,WF,-N_7 (12).jpg
-N_WF,-N,WF,-N_7 (13).jpg
-N_WF,-N,WF,-N_7 (14).jpg
-N_WF,-N,WF,-N_7 (18).jpg
-N_WF,-N,WF,-N_7 (19).jpg
-N_WF,-N,WF,-N_7 (20).jpg
-N_WF,-N,WF,-N_7 (21).jpg
-N_WF,-N,WF,-N_7 (7).jpg
-N_WF,-N,WF,-N_7 (8).jpg
-N_WF,-N,WF,-N_7 (9).jpg
-N_WF,-N,WF,-N_8 (10).jpg
-N_WF,-N,WF,-N_8 (12).jpg
-N_WF,-N,WF,-N_8 (13).jpg
-N_WF,-N,WF,-N_8 (14).jpg
-N_WF,-N,WF,-N_8 (15).jpg
-N_WF,-N,WF,-N_8 (16).jpg
-N_WF,-N,WF,-N_8 (18).jpg
-N_WF,-N,WF,-N_8 (20).jpg
-N_WF,-N,WF,-N_8 (21).jpg
-N_WF,-N,WF,-N_8 (4).jpg
-N_WF,-N,WF,-N_8 (7).jpg
-N_WF,-N,WF,-N_8 (8).jpg
-N_WF,-N,WF,-N_8 (9).jpg
-N_WF,-N,WF,-N_9 (10).jpg
-N_WF,-N,WF,-N_9 (11).jpg
-N_WF,-N,WF,-N_9 (12).jpg
-N_WF,-N,WF,-N_9 (13).jpg
-N_WF,-N,WF,-N_9 (17).jpg
-N_WF,-N,WF,-N_9 (19).jpg
-N_WF,-N,WF,-N_9 (4).jpg
-N_WF,-N,WF,-N_9 (7).jpg
-N_WF,-N,WF,-N_9 (8).jpg
-N_WF,-N,WF,-N_9 (9).jpg
FN_F,FN,F,C_1 (10).jpg
FN_F,FN,F,C_1 (12).jpg
FN_F,FN,F,C_1 (13).jpg
FN_F,FN,F,C_1 (19).jpg
FN_F,FN,F,C_1 (2).jpg
FN_F,FN,F,C_1 (20).jpg
FN_F,FN,F,C_1 (22).jpg
FN_F,FN,F,C_1 (3).jpg
FN_F,FN,F,C_1 (8).jpg
FN_F,FN,F,C_10 (11).jpg
FN_F,FN,F,C_10 (12).jpg
FN_F,FN,F,C_10 (13).jpg
FN_F,FN,F,C_10 (16).jpg
FN_F,FN,F,C_10 (18).jpg
FN_F,FN,F,C_10 (19).jpg
FN_F,FN,F,C_10 (2).jpg
FN_F,FN,F,C_10 (3).jpg
FN_F,FN,F,C_10 (5).jpg
FN_F,FN,F,C_10 (6).jpg
FN_F,FN,F,C_10 (7).jpg
FN_F,FN,F,C_10 (8).jpg
FN_F,FN,F,C_10 (9).jpg
FN_F,FN,F,C_10.jpg
FN_F,FN,F,C_11 (13).jpg
FN_F,FN,F,C_11 (14).jpg
FN_F,FN,F,C_11 (16).jpg
FN_F,FN,F,C_11 (17).jpg
FN_F,FN,F,C_11 (19).jpg
FN_F,FN,F,C_11 (22).jpg
FN_F,FN,F,C_11 (3).jpg
FN_F,FN,F,C_11 (6).jpg
FN_F,FN,F,C_11 (7).jpg
FN_F,FN,F,C_12 (11).jpg
FN_F,FN,F,C_12 (13).jpg
FN_F,FN,F,C_12 (14).jpg
FN_F,FN,F,C_12 (16).jpg
FN_F,FN,F,C_12 (20).jpg
FN_F,FN,F,C_12 (3).jpg
FN_F,FN,F,C_12 (5).jpg
FN_F,FN,F,C_12 (7).jpg
FN_F,FN,F,C_12 (9).jpg
FN_F,FN,F,C_12.jpg
FN_F,FN,F,C_13 (10).jpg
FN_F,FN,F,C_13 (13).jpg
FN_F,FN,F,C_13 (16).jpg
FN_F,FN,F,C_13 (17).jpg
FN_F,FN,F,C_13 (18).jpg
FN_F,FN,F,C_13 (2).jpg
FN_F,FN,F,C_13 (20).jpg
FN_F,FN,F,C_13 (5).jpg
FN_F,FN,F,C_13 (6).jpg
FN_F,FN,F,C_13 (8).jpg
FN_F,FN,F,C_14 (12).jpg
FN_F,FN,F,C_14 (15).jpg
FN_F,FN,F,C_14 (17).jpg
FN_F,FN,F,C_14 (19).jpg
FN_F,FN,F,C_14 (20).jpg
FN_F,FN,F,C_14 (22).jpg
FN_F,FN,F,C_14 (4).jpg
FN_F,FN,F,C_14 (6).jpg
FN_F,FN,F,C_14 (7).jpg
FN_F,FN,F,C_14 (9).jpg
FN_F,FN,F,C_14.jpg
FN_F,FN,F,C_15 (20).jpg
FN_F,FN,F,C_15 (4).jpg
FN_F,FN,F,C_15 (5).jpg
FN_F,FN,F,C_15 (8).jpg
FN_F,FN,F,C_16 (10).jpg
FN_F,FN,F,C_16 (11).jpg
FN_F,FN,F,C_16 (19).jpg
FN_F,FN,F,C_16 (20).jpg
FN_F,FN,F,C_16 (4).jpg
FN_F,FN,F,C_16 (7).jpg
FN_F,FN,F,C_16 (9).jpg
FN_F,FN,F,C_2 (11).jpg
FN_F,FN,F,C_2 (12).jpg
FN_F,FN,F,C_2 (14).jpg
FN_F,FN,F,C_2 (16).jpg
FN_F,FN,F,C_2 (17).jpg
FN_F,FN,F,C_2 (18).jpg
FN_F,FN,F,C_2 (19).jpg
FN_F,FN,F,C_2 (20).jpg
FN_F,FN,F,C_2 (21).jpg
FN_F,FN,F,C_2 (5).jpg
FN_F,FN,F,C_2 (6).jpg
FN_F,FN,F,C_2 (7).jpg
FN_F,FN,F,C_2 (8).jpg
FN_F,FN,F,C_2.jpg
FN_F,FN,F,C_3 (13).jpg
FN_F,FN,F,C_3 (14).jpg
FN_F,FN,F,C_3 (15).jpg
FN_F,FN,F,C_3 (19).jpg
FN_F,FN,F,C_3 (20).jpg
FN_F,FN,F,C_3 (21).jpg
FN_F,FN,F,C_3 (22).jpg
FN_F,FN,F,C_4 (12).jpg
FN_F,FN,F,C_4 (17).jpg
FN_F,FN,F,C_4 (3).jpg
FN_F,FN,F,C_5 (10).jpg
FN_F,FN,F,C_5 (11).jpg
FN_F,FN,F,C_5 (12).jpg
FN_F,FN,F,C_5 (17).jpg
FN_F,FN,F,C_5 (18).jpg
FN_F,FN,F,C_5 (19).jpg
FN_F,FN,F,C_5 (3).jpg
FN_F,FN,F,C_5 (4).jpg
FN_F,FN,F,C_5 (8).jpg
FN_F,FN,F,C_5 (9).jpg
FN_F,FN,F,C_6 (10).jpg
FN_F,FN,F,C_6 (11).jpg
FN_F,FN,F,C_6 (13).jpg
FN_F,FN,F,C_6 (14).jpg
FN_F,FN,F,C_6 (16).jpg
FN_F,FN,F,C_6 (17).jpg
FN_F,FN,F,C_6 (19).jpg
FN_F,FN,F,C_6 (21).jpg
FN_F,FN,F,C_6 (22).jpg
FN_F,FN,F,C_6 (4).jpg
FN_F,FN,F,C_6.jpg
FN_F,FN,F,C_7 (12).jpg
FN_F,FN,F,C_7 (14).jpg
FN_F,FN,F,C_7 (15).jpg
FN_F,FN,F,C_7 (16).jpg
FN_F,FN,F,C_7 (20).jpg
FN_F,FN,F,C_7 (3).jpg
FN_F,FN,F,C_7 (4).jpg
FN_F,FN,F,C_7 (5).jpg
FN_F,FN,F,C_7 (6).jpg
FN_F,FN,F,C_7 (7).jpg
FN_F,FN,F,C_7 (8).jpg
FN_F,FN,F,C_8 (10).jpg
FN_F,FN,F,C_8 (12).jpg
FN_F,FN,F,C_8 (14).jpg
FN_F,FN,F,C_8 (15).jpg
FN_F,FN,F,C_8 (16).jpg
FN_F,FN,F,C_8 (18).jpg
FN_F,FN,F,C_8 (20).jpg
FN_F,FN,F,C_8 (4).jpg
FN_F,FN,F,C_8 (5).jpg
FN_F,FN,F,C_8 (6).jpg
FN_F,FN,F,C_8 (7).jpg
FN_F,FN,F,C_8 (8).jpg
FN_F,FN,F,C_8 (9).jpg
FN_F,FN,F,C_9 (12).jpg
FN_F,FN,F,C_9 (15).jpg
FN_F,FN,F,C_9 (16).jpg
FN_F,FN,F,C_9 (17).jpg
FN_F,FN,F,C_9 (19).jpg
FN_F,FN,F,C_9 (21).jpg
FN_F,FN,F,C_9 (4).jpg
FN_F,FN,F,C_9 (6).jpg
FN_F,FN,F,C_9 (9).jpg
FN_WF,FN,WF,C_1 (12).jpg
FN_WF,FN,WF,C_1 (13).jpg
FN_WF,FN,WF,C_1 (14).jpg
FN_WF,FN,WF,C_1 (15).jpg
FN_WF,FN,WF,C_1 (17).jpg
FN_WF,FN,WF,C_1 (19).jpg
FN_WF,FN,WF,C_1 (20).jpg
FN_WF,FN,WF,C_1 (22).jpg
FN_WF,FN,WF,C_1 (5).jpg
FN_WF,FN,WF,C_1 (7).jpg
FN_WF,FN,WF,C_1 (8).jpg
FN_WF,FN,WF,C_1 (9).jpg
FN_WF,FN,WF,C_10 (10).jpg
FN_WF,FN,WF,C_10 (11).jpg
FN_WF,FN,WF,C_10 (12).jpg
FN_WF,FN,WF,C_10 (13).jpg
FN_WF,FN,WF,C_10 (15).jpg
FN_WF,FN,WF,C_10 (16).jpg
FN_WF,FN,WF,C_10 (17).jpg
FN_WF,FN,WF,C_10 (18).jpg
FN_WF,FN,WF,C_10 (2).jpg
FN_WF,FN,WF,C_10 (20).jpg
FN_WF,FN,WF,C_10 (22).jpg
FN_WF,FN,WF,C_10 (3).jpg
FN_WF,FN,WF,C_10 (5).jpg
FN_WF,FN,WF,C_10 (6).jpg
FN_WF,FN,WF,C_10 (7).jpg
FN_WF,FN,WF,C_10 (8).jpg
FN_WF,FN,WF,C_10 (9).jpg
FN_WF,FN,WF,C_10.jpg
FN_WF,FN,WF,C_11 (10).jpg
FN_WF,FN,WF,C_11 (13).jpg
FN_WF,FN,WF,C_11 (17).jpg
FN_WF,FN,WF,C_11 (19).jpg
FN_WF,FN,WF,C_11 (2).jpg
FN_WF,FN,WF,C_11 (21).jpg
FN_WF,FN,WF,C_11 (22).jpg
FN_WF,FN,WF,C_11 (3).jpg
FN_WF,FN,WF,C_11 (4).jpg
FN_WF,FN,WF,C_11 (5).jpg
FN_WF,FN,WF,C_11 (6).jpg
FN_WF,FN,WF,C_11 (8).jpg
FN_WF,FN,WF,C_11.jpg
FN_WF,FN,WF,C_12 (11).jpg
FN_WF,FN,WF,C_12 (12).jpg
FN_WF,FN,WF,C_12 (13).jpg
FN_WF,FN,WF,C_12 (14).jpg
FN_WF,FN,WF,C_12 (16).jpg
FN_WF,FN,WF,C_12 (17).jpg
FN_WF,FN,WF,C_12 (18).jpg
FN_WF,FN,WF,C_12 (2).jpg
FN_WF,FN,WF,C_12 (22).jpg
FN_WF,FN,WF,C_12 (3).jpg
FN_WF,FN,WF,C_12 (4).jpg
FN_WF,FN,WF,C_12 (5).jpg
FN_WF,FN,WF,C_12 (6).jpg
FN_WF,FN,WF,C_12 (7).jpg
FN_WF,FN,WF,C_12 (9).jpg
FN_WF,FN,WF,C_12.jpg
FN_WF,FN,WF,C_13 (10).jpg
FN_WF,FN,WF,C_13 (13).jpg
FN_WF,FN,WF,C_13 (15).jpg
FN_WF,FN,WF,C_13 (16).jpg
FN_WF,FN,WF,C_13 (17).jpg
FN_WF,FN,WF,C_13 (19).jpg
FN_WF,FN,WF,C_13 (2).jpg
FN_WF,FN,WF,C_13 (20).jpg
FN_WF,FN,WF,C_13 (21).jpg
FN_WF,FN,WF,C_13 (22).jpg
FN_WF,FN,WF,C_13 (5).jpg
FN_WF,FN,WF,C_13 (6).jpg
FN_WF,FN,WF,C_13 (7).jpg
FN_WF,FN,WF,C_13.jpg
FN_WF,FN,WF,C_14 (10).jpg
FN_WF,FN,WF,C_14 (11).jpg
FN_WF,FN,WF,C_14 (12).jpg
FN_WF,FN,WF,C_14 (13).jpg
FN_WF,FN,WF,C_14 (14).jpg
FN_WF,FN,WF,C_14 (15).jpg
FN_WF,FN,WF,C_14 (16).jpg
FN_WF,FN,WF,C_14 (17).jpg
FN_WF,FN,WF,C_14 (19).jpg
FN_WF,FN,WF,C_14 (2).jpg
FN_WF,FN,WF,C_14 (20).jpg
FN_WF,FN,WF,C_14 (22).jpg
FN_WF,FN,WF,C_14 (3).jpg
FN_WF,FN,WF,C_14 (4).jpg
FN_WF,FN,WF,C_14 (5).jpg
FN_WF,FN,WF,C_14 (7).jpg
FN_WF,FN,WF,C_14 (8).jpg
FN_WF,FN,WF,C_14 (9).jpg
FN_WF,FN,WF,C_14.jpg
FN_WF,FN,WF,C_15 (11).jpg
FN_WF,FN,WF,C_15 (13).jpg
FN_WF,FN,WF,C_15 (14).jpg
FN_WF,FN,WF,C_15 (15).jpg
FN_WF,FN,WF,C_15 (16).jpg
FN_WF,FN,WF,C_15 (17).jpg
FN_WF,FN,WF,C_15 (19).jpg
FN_WF,FN,WF,C_15 (20).jpg
FN_WF,FN,WF,C_15 (22).jpg
FN_WF,FN,WF,C_15 (3).jpg
FN_WF,FN,WF,C_15 (4).jpg
FN_WF,FN,WF,C_15 (5).jpg
FN_WF,FN,WF,C_15 (6).jpg
FN_WF,FN,WF,C_15 (7).jpg
FN_WF,FN,WF,C_15 (8).jpg
FN_WF,FN,WF,C_15 (9).jpg
FN_WF,FN,WF,C_15.jpg
FN_WF,FN,WF,C_16 (10).jpg
FN_WF,FN,WF,C_16 (11).jpg
FN_WF,FN,WF,C_16 (12).jpg
FN_WF,FN,WF,C_16 (14).jpg
FN_WF,FN,WF,C_16 (15).jpg
FN_WF,FN,WF,C_16 (16).jpg
FN_WF,FN,WF,C_16 (17).jpg
FN_WF,FN,WF,C_16 (19).jpg
FN_WF,FN,WF,C_16 (2).jpg
FN_WF,FN,WF,C_16 (21).jpg
FN_WF,FN,WF,C_16 (22).jpg
FN_WF,FN,WF,C_16 (3).jpg
FN_WF,FN,WF,C_16 (4).jpg
FN_WF,FN,WF,C_16 (6).jpg
FN_WF,FN,WF,C_16 (9).jpg
FN_WF,FN,WF,C_16.jpg
FN_WF,FN,WF,C_2 (10).jpg
FN_WF,FN,WF,C_2 (11).jpg
FN_WF,FN,WF,C_2 (13).jpg
FN_WF,FN,WF,C_2 (14).jpg
FN_WF,FN,WF,C_2 (16).jpg
FN_WF,FN,WF,C_2 (17).jpg
FN_WF,FN,WF,C_2 (18).jpg
FN_WF,FN,WF,C_2 (19).jpg
FN_WF,FN,WF,C_2 (21).jpg
FN_WF,FN,WF,C_2 (22).jpg
FN_WF,FN,WF,C_2 (4).jpg
FN_WF,FN,WF,C_2 (5).jpg
FN_WF,FN,WF,C_2 (8).jpg
FN_WF,FN,WF,C_2.jpg
FN_WF,FN,WF,C_3 (10).jpg
FN_WF,FN,WF,C_3 (11).jpg
FN_WF,FN,WF,C_3 (13).jpg
FN_WF,FN,WF,C_3 (15).jpg
FN_WF,FN,WF,C_3 (16).jpg
FN_WF,FN,WF,C_3 (19).jpg
FN_WF,FN,WF,C_3 (2).jpg
FN_WF,FN,WF,C_3 (20).jpg
FN_WF,FN,WF,C_3 (3).jpg
FN_WF,FN,WF,C_3 (5).jpg
FN_WF,FN,WF,C_3 (6).jpg
FN_WF,FN,WF,C_3 (7).jpg
FN_WF,FN,WF,C_3 (8).jpg
FN_WF,FN,WF,C_3 (9).jpg
FN_WF,FN,WF,C_3.jpg
FN_WF,FN,WF,C_4 (10).jpg
FN_WF,FN,WF,C_4 (11).jpg
FN_WF,FN,WF,C_4 (13).jpg
FN_WF,FN,WF,C_4 (16).jpg
FN_WF,FN,WF,C_4 (17).jpg
FN_WF,FN,WF,C_4 (18).jpg
FN_WF,FN,WF,C_4 (20).jpg
FN_WF,FN,WF,C_4 (21).jpg
FN_WF,FN,WF,C_4 (3).jpg
FN_WF,FN,WF,C_4 (4).jpg
FN_WF,FN,WF,C_4 (6).jpg
FN_WF,FN,WF,C_4 (7).jpg
FN_WF,FN,WF,C_4.jpg
FN_WF,FN,WF,C_5 (12).jpg
FN_WF,FN,WF,C_5 (16).jpg
FN_WF,FN,WF,C_5 (19).jpg
FN_WF,FN,WF,C_5 (20).jpg
FN_WF,FN,WF,C_5 (21).jpg
FN_WF,FN,WF,C_5 (22).jpg
FN_WF,FN,WF,C_5 (3).jpg
FN_WF,FN,WF,C_5 (4).jpg
FN_WF,FN,WF,C_5 (5).jpg
FN_WF,FN,WF,C_5 (6).jpg
FN_WF,FN,WF,C_5 (7).jpg
FN_WF,FN,WF,C_5 (9).jpg
FN_WF,FN,WF,C_5.jpg
FN_WF,FN,WF,C_6 (10).jpg
FN_WF,FN,WF,C_6 (11).jpg
FN_WF,FN,WF,C_6 (13).jpg
FN_WF,FN,WF,C_6 (14).jpg
FN_WF,FN,WF,C_6 (15).jpg
FN_WF,FN,WF,C_6 (16).jpg
FN_WF,FN,WF,C_6 (19).jpg
FN_WF,FN,WF,C_6 (2).jpg
FN_WF,FN,WF,C_6 (20).jpg
FN_WF,FN,WF,C_6 (21).jpg
FN_WF,FN,WF,C_6 (22).jpg
FN_WF,FN,WF,C_6 (5).jpg
FN_WF,FN,WF,C_6 (6).jpg
FN_WF,FN,WF,C_6 (7).jpg
FN_WF,FN,WF,C_6 (9).jpg
FN_WF,FN,WF,C_7 (10).jpg
FN_WF,FN,WF,C_7 (11).jpg
FN_WF,FN,WF,C_7 (12).jpg
FN_WF,FN,WF,C_7 (13).jpg
FN_WF,FN,WF,C_7 (14).jpg
FN_WF,FN,WF,C_7 (15).jpg
FN_WF,FN,WF,C_7 (16).jpg
FN_WF,FN,WF,C_7 (18).jpg
FN_WF,FN,WF,C_7 (19).jpg
FN_WF,FN,WF,C_7 (2).jpg
FN_WF,FN,WF,C_7 (20).jpg
FN_WF,FN,WF,C_7 (3).jpg
FN_WF,FN,WF,C_7 (4).jpg
FN_WF,FN,WF,C_7 (5).jpg
FN_WF,FN,WF,C_7 (8).jpg
FN_WF,FN,WF,C_7.jpg
FN_WF,FN,WF,C_8 (11).jpg
FN_WF,FN,WF,C_8 (12).jpg
FN_WF,FN,WF,C_8 (14).jpg
FN_WF,FN,WF,C_8 (16).jpg
FN_WF,FN,WF,C_8 (19).jpg
FN_WF,FN,WF,C_8 (21).jpg
FN_WF,FN,WF,C_8 (22).jpg
FN_WF,FN,WF,C_8 (3).jpg
FN_WF,FN,WF,C_8 (4).jpg
FN_WF,FN,WF,C_8 (5).jpg
FN_WF,FN,WF,C_8 (7).jpg
FN_WF,FN,WF,C_8 (8).jpg
FN_WF,FN,WF,C_8 (9).jpg
FN_WF,FN,WF,C_8.jpg
FN_WF,FN,WF,C_9 (10).jpg
FN_WF,FN,WF,C_9 (11).jpg
FN_WF,FN,WF,C_9 (12).jpg
FN_WF,FN,WF,C_9 (15).jpg
FN_WF,FN,WF,C_9 (17).jpg
FN_WF,FN,WF,C_9 (19).jpg
FN_WF,FN,WF,C_9 (2).jpg
FN_WF,FN,WF,C_9 (20).jpg
FN_WF,FN,WF,C_9 (21).jpg
FN_WF,FN,WF,C_9 (5).jpg
FN_WF,FN,WF,C_9 (6).jpg
FN_WF,FN,WF,C_9 (7).jpg
FN_WF,FN,WF,C_9 (8).jpg
FN_WF,FN,WF,C_9 (9).jpg
FN_WF,FN,WF,Healthy_1.jpg
FN_WF,FN,WF,Healthy_10.jpg
FN_WF,FN,WF,Healthy_100.jpg
FN_WF,FN,WF,Healthy_104.jpg
FN_WF,FN,WF,Healthy_105.jpg
FN_WF,FN,WF,Healthy_106.jpg
FN_WF,FN,WF,Healthy_107.jpg
FN_WF,FN,WF,Healthy_109.jpg
FN_WF,FN,WF,Healthy_11.jpg
FN_WF,FN,WF,Healthy_113.jpg
FN_WF,FN,WF,Healthy_115.jpg
FN_WF,FN,WF,Healthy_116.jpg
FN_WF,FN,WF,Healthy_118.jpg
FN_WF,FN,WF,Healthy_119.jpg
FN_WF,FN,WF,Healthy_120.jpg
FN_WF,FN,WF,Healthy_121.jpg
FN_WF,FN,WF,Healthy_124.jpg
FN_WF,FN,WF,Healthy_125.jpg
FN_WF,FN,WF,Healthy_126.jpg
FN_WF,FN,WF,Healthy_127.jpg
FN_WF,FN,WF,Healthy_130.jpg
FN_WF,FN,WF,Healthy_131.jpg
FN_WF,FN,WF,Healthy_132.jpg
FN_WF,FN,WF,Healthy_134.jpg
FN_WF,FN,WF,Healthy_135.jpg
FN_WF,FN,WF,Healthy_136.jpg
FN_WF,FN,WF,Healthy_137.jpg
FN_WF,FN,WF,Healthy_139.jpg
FN_WF,FN,WF,Healthy_14.jpg
FN_WF,FN,WF,Healthy_140.jpg
FN_WF,FN,WF,Healthy_143.jpg
FN_WF,FN,WF,Healthy_145.jpg
FN_WF,FN,WF,Healthy_150.jpg
FN_WF,FN,WF,Healthy_151.jpg
FN_WF,FN,WF,Healthy_152.jpg
FN_WF,FN,WF,Healthy_153.jpg
FN_WF,FN,WF,Healthy_154.jpg
FN_WF,FN,WF,Healthy_155.jpg
FN_WF,FN,WF,Healthy_156.jpg
FN_WF,FN,WF,Healthy_157.jpg
FN_WF,FN,WF,Healthy_159.jpg
FN_WF,FN,WF,Healthy_161.jpg
FN_WF,FN,WF,Healthy_162.jpg
FN_WF,FN,WF,Healthy_163.jpg
FN_WF,FN,WF,Healthy_165.jpg
FN_WF,FN,WF,Healthy_168.jpg
FN_WF,FN,WF,Healthy_17.jpg
FN_WF,FN,WF,Healthy_170.jpg
FN_WF,FN,WF,Healthy_172.jpg
FN_WF,FN,WF,Healthy_175.jpg
FN_WF,FN,WF,Healthy_176.jpg
FN_WF,FN,WF,Healthy_177.jpg
FN_WF,FN,WF,Healthy_178.jpg
FN_WF,FN,WF,Healthy_18.jpg
FN_WF,FN,WF,Healthy_180.jpg
FN_WF,FN,WF,Healthy_182.jpg
FN_WF,FN,WF,Healthy_183.jpg
FN_WF,FN,WF,Healthy_184.jpg
FN_WF,FN,WF,Healthy_186.jpg
FN_WF,FN,WF,Healthy_187.jpg
FN_WF,FN,WF,Healthy_188.jpg
FN_WF,FN,WF,Healthy_189.jpg
FN_WF,FN,WF,Healthy_19.jpg
FN_WF,FN,WF,Healthy_194.jpg
FN_WF,FN,WF,Healthy_195.jpg
FN_WF,FN,WF,Healthy_196.jpg
FN_WF,FN,WF,Healthy_197.jpg
FN_WF,FN,WF,Healthy_198.jpg
FN_WF,FN,WF,Healthy_20.jpg
FN_WF,FN,WF,Healthy_200.jpg
FN_WF,FN,WF,Healthy_201.jpg
FN_WF,FN,WF,Healthy_202.jpg
FN_WF,FN,WF,Healthy_204.jpg
FN_WF,FN,WF,Healthy_205.jpg
FN_WF,FN,WF,Healthy_207.jpg
FN_WF,FN,WF,Healthy_208.jpg
FN_WF,FN,WF,Healthy_209.jpg
FN_WF,FN,WF,Healthy_212.jpg
FN_WF,FN,WF,Healthy_213.jpg
FN_WF,FN,WF,Healthy_214.jpg
FN_WF,FN,WF,Healthy_215.jpg
FN_WF,FN,WF,Healthy_217.jpg
FN_WF,FN,WF,Healthy_219.jpg
FN_WF,FN,WF,Healthy_22.jpg
FN_WF,FN,WF,Healthy_220.jpg
FN_WF,FN,WF,Healthy_221.jpg
FN_WF,FN,WF,Healthy_224.jpg
FN_WF,FN,WF,Healthy_225.jpg
FN_WF,FN,WF,Healthy_226.jpg
FN_WF,FN,WF,Healthy_227.jpg
FN_WF,FN,WF,Healthy_23.jpg
FN_WF,FN,WF,Healthy_230.jpg
FN_WF,FN,WF,Healthy_231.jpg
FN_WF,FN,WF,Healthy_234.jpg
FN_WF,FN,WF,Healthy_236.jpg
FN_WF,FN,WF,Healthy_237.jpg
FN_WF,FN,WF,Healthy_238.jpg
FN_WF,FN,WF,Healthy_24.jpg
FN_WF,FN,WF,Healthy_240.jpg
FN_WF,FN,WF,Healthy_241.jpg
FN_WF,FN,WF,Healthy_242.jpg
FN_WF,FN,WF,Healthy_243.jpg
FN_WF,FN,WF,Healthy_244.jpg
FN_WF,FN,WF,Healthy_246.jpg
FN_WF,FN,WF,Healthy_247.jpg
FN_WF,FN,WF,Healthy_248.jpg
FN_WF,FN,WF,Healthy_249.jpg
FN_WF,FN,WF,Healthy_250.jpg
FN_WF,FN,WF,Healthy_251.jpg
FN_WF,FN,WF,Healthy_252.jpg
FN_WF,FN,WF,Healthy_253.jpg
FN_WF,FN,WF,Healthy_254.jpg
FN_WF,FN,WF,Healthy_255.jpg
FN_WF,FN,WF,Healthy_256.jpg
FN_WF,FN,WF,Healthy_257.jpg
FN_WF,FN,WF,Healthy_258.jpg
FN_WF,FN,WF,Healthy_259.jpg
FN_WF,FN,WF,Healthy_26.jpg
FN_WF,FN,WF,Healthy_260.jpg
FN_WF,FN,WF,Healthy_261.jpg
FN_WF,FN,WF,Healthy_262.jpg
FN_WF,FN,WF,Healthy_265.jpg
FN_WF,FN,WF,Healthy_27.jpg
FN_WF,FN,WF,Healthy_3.jpg
FN_WF,FN,WF,Healthy_31.jpg
FN_WF,FN,WF,Healthy_32.jpg
FN_WF,FN,WF,Healthy_33.jpg
FN_WF,FN,WF,Healthy_34.jpg
FN_WF,FN,WF,Healthy_35.jpg
FN_WF,FN,WF,Healthy_36.jpg
FN_WF,FN,WF,Healthy_37.jpg
FN_WF,FN,WF,Healthy_38.jpg
FN_WF,FN,WF,Healthy_39.jpg
FN_WF,FN,WF,Healthy_4.jpg
FN_WF,FN,WF,Healthy_41.jpg
FN_WF,FN,WF,Healthy_42.jpg
FN_WF,FN,WF,Healthy_44.jpg
FN_WF,FN,WF,Healthy_45.jpg
FN_WF,FN,WF,Healthy_47.jpg
FN_WF,FN,WF,Healthy_48.jpg
FN_WF,FN,WF,Healthy_5.jpg
FN_WF,FN,WF,Healthy_50.jpg
FN_WF,FN,WF,Healthy_52.jpg
FN_WF,FN,WF,Healthy_53.jpg
FN_WF,FN,WF,Healthy_54.jpg
FN_WF,FN,WF,Healthy_58.jpg
FN_WF,FN,WF,Healthy_6.jpg
FN_WF,FN,WF,Healthy_60.jpg
FN_WF,FN,WF,Healthy_61.jpg
FN_WF,FN,WF,Healthy_62.jpg
FN_WF,FN,WF,Healthy_63.jpg
FN_WF,FN,WF,Healthy_65.jpg
FN_WF,FN,WF,Healthy_66.jpg
FN_WF,FN,WF,Healthy_67.jpg
FN_WF,FN,WF,Healthy_68.jpg
FN_WF,FN,WF,Healthy_7.jpg
FN_WF,FN,WF,Healthy_70.jpg
FN_WF,FN,WF,Healthy_71.jpg
FN_WF,FN,WF,Healthy_73.jpg
FN_WF,FN,WF,Healthy_74.jpg
FN_WF,FN,WF,Healthy_75.jpg
FN_WF,FN,WF,Healthy_76.jpg
FN_WF,FN,WF,Healthy_77.jpg
FN_WF,FN,WF,Healthy_78.jpg
FN_WF,FN,WF,Healthy_80.jpg
FN_WF,FN,WF,Healthy_81.jpg
FN_WF,FN,WF,Healthy_82.jpg
FN_WF,FN,WF,Healthy_83.jpg
FN_WF,FN,WF,Healthy_84.jpg
FN_WF,FN,WF,Healthy_86.jpg
FN_WF,FN,WF,Healthy_87.jpg
FN_WF,FN,WF,Healthy_89.jpg
FN_WF,FN,WF,Healthy_91.jpg
FN_WF,FN,WF,Healthy_92.jpg
FN_WF,FN,WF,Healthy_94.jpg
FN_WF,FN,WF,Healthy_95.jpg
FN_WF,FN,WF,Healthy_96.jpg
FN_WF,FN,WF,Healthy_97.jpg
